,Age-standardized suicide rates (per 100 000 population),Age-standardized suicide rates (per 100 000 population),Age-standardized suicide rates (per 100 000 population),Age-standardized suicide rates (per 100 000 population),Age-standardized suicide rates (per 100 000 population),Age-standardized suicide rates (per 100 000 population),Age-standardized suicide rates (per 100 000 population),Age-standardized suicide rates (per 100 000 population),Age-standardized suicide rates (per 100 000 population),Age-standardized suicide rates (per 100 000 population),Age-standardized suicide rates (per 100 000 population),Age-standardized suicide rates (per 100 000 population),Age-standardized suicide rates (per 100 000 population),Age-standardized suicide rates (per 100 000 population),Age-standardized suicide rates (per 100 000 population),Age-standardized suicide rates (per 100 000 population),Age-standardized suicide rates (per 100 000 population),Age-standardized suicide rates (per 100 000 population),Age-standardized suicide rates (per 100 000 population),Age-standardized suicide rates (per 100 000 population)
"Countries, territories and areas",2019,2018,2017,2016,2015,2014,2013,2012,2011,2010,2009,2008,2007,2006,2005,2004,2003,2002,2001,2000
Afghanistan,6.0 [3.4-9.9],5.9 [3.4-9.8],6.0 [3.4-9.9],6.0 [3.5-9.9],6.0 [3.5-9.9],6.0 [3.5-9.9],6.2 [3.6-10.2],6.2 [3.6-10.2],6.4 [3.8-10.5],6.7 [3.9-10.9],6.8 [4.0-11.1],7.2 [4.2-11.7],7.4 [4.3-12.1],7.6 [4.4-12.3],7.6 [4.4-12.3],7.8 [4.5-12.6],7.7 [4.5-12.5],7.9 [4.5-12.8],7.9 [4.5-12.8],7.7 [4.4-12.5]
Albania,3.7 [2.1-5.7],3.9 [2.2-6.0],4.1 [2.3-6.3],4.2 [2.3-6.3],4.2 [2.3-6.4],4.5 [2.5-6.7],4.8 [2.7-7.1],4.8 [2.8-7.0],7.6 [4.7-10.7],7.6 [4.6-10.5],8.0 [4.8-10.8],8.1 [5.0-10.8],8.1 [5.0-10.6],7.8 [5.0-10.2],7.7 [4.9-10.0],4.9 [3.1-6.3],4.9 [3.3-6.4],4.8 [3.2-6.3],4.7 [3.2-6.2],5.2 [3.6-6.9]
Algeria,2.6 [1.4-4.4],2.6 [1.4-4.4],2.5 [1.4-4.4],2.6 [1.4-4.5],2.7 [1.5-4.7],2.8 [1.5-4.8],2.9 [1.5-5.0],2.9 [1.6-5.0],2.9 [1.6-5.1],3.0 [1.6-5.3],3.2 [1.7-5.6],3.3 [1.8-5.8],3.5 [1.8-6.0],3.7 [2.0-6.4],3.8 [2.0-6.6],4.0 [2.1-6.9],4.1 [2.2-7.1],4.4 [2.4-7.6],4.6 [2.4-7.9],4.7 [2.5-8.0]
Angola,12.6 [7.7-19.4],12.4 [7.6-19.0],12.4 [7.6-18.9],12.9 [8.0-19.6],13.3 [8.3-20.1],13.1 [8.3-19.8],14.2 [9.0-21.2],14.2 [9.0-21.2],13.5 [8.6-20.2],14.2 [9.1-21.3],13.6 [8.7-20.5],15.3 [9.7-23.0],15.0 [9.5-22.6],17.1 [10.8-25.6],16.3 [10.3-24.4],17.2 [10.8-25.9],17.5 [10.8-26.6],17.2 [10.7-26.3],17.5 [10.6-26.7],17.6 [10.5-27.0]
Antigua and Barbuda,0.3 [0.2-0.5],0.3 [0.2-0.5],0.0 [0.0-0.0],0.5 [0.3-0.7],0.4 [0.3-0.6],0.4 [0.3-0.6],0.0 [0.0-0.0],0.0 [0.0-0.0],0.2 [0.1-0.2],0.1 [0.1-0.2],0.0 [0.0-0.0],0.2 [0.2-0.3],0.3 [0.2-0.5],0.4 [0.3-0.6],1.3 [0.9-1.8],2.0 [1.4-2.7],1.4 [1.0-2.0],1.3 [0.9-1.7],1.9 [1.3-2.6],2.0 [1.4-2.7]
Argentina,8.1 [6.5-10.1],9.0 [7.3-11.0],8.7 [7.1-10.4],8.1 [6.7-9.6],8.1 [6.8-12.9],9.2 [7.8-15.5],8.5 [7.2-9.8],9.0 [7.7-10.3],8.4 [7.3-13.1],8.4 [7.3-14.6],8.4 [7.2-13.0],8.6 [7.4-17.8],8.2 [7.1-12.7],8.5 [7.4-14.5],8.5 [7.4-15.6],8.7 [7.5-10.0],9.7 [8.3-14.4],10.3 [8.8-11.9],10.3 [8.8-11.9],9.2 [7.9-10.6]
Armenia,2.7 [1.9-3.6],1.7 [1.2-2.2],2.4 [1.9-3.1],4.4 [3.5-5.5],4.7 [3.7-5.9],4.6 [3.7-5.8],5.3 [4.2-6.6],6.4 [5.1-7.9],5.7 [4.6-7.0],5.9 [4.7-7.2],4.1 [3.2-5.0],4.2 [3.4-5.2],5.0 [4.0-6.2],5.4 [4.3-6.7],3.8 [3.0-4.8],3.6 [2.9-4.6],2.5 [2.0-3.1],3.1 [2.4-3.9],3.1 [2.4-3.9],3.3 [2.6-4.1]
Australia,11.3 [9.3-16.5],11.3 [9.4-13.3],11.8 [10.0-18.8],10.9 [9.5-12.5],11.8 [10.4-13.3],11.3 [10.0-12.7],10.2 [9.1-11.4],10.5 [9.3-16.7],10.1 [9.0-16.6],10.4 [9.3-11.6],10.0 [8.9-11.1],10.4 [9.3-11.6],9.8 [8.7-11.0],9.5 [8.5-10.7],10.1 [9.0-11.2],9.2 [8.2-10.3],9.6 [8.6-10.7],10.4 [9.3-11.6],11.2 [10.0-12.5],11.8 [10.6-13.2]
Austria,10.4 [8.6-12.5],11.2 [9.4-13.2],10.8 [9.2-12.6],11.1 [9.6-12.9],11.4 [9.9-13.1],12.0 [10.5-13.7],11.5 [10.0-13.0],11.8 [10.3-13.3],12.3 [10.8-13.9],12.2 [10.7-13.8],11.9 [10.4-13.4],11.7 [10.2-13.2],12.2 [10.7-13.7],12.5 [11.0-14.1],13.3 [11.7-15.0],13.6 [12.0-15.4],14.2 [12.6-16.1],15.1 [13.4-17.0],14.7 [13.0-16.6],15.8 [13.9-17.8]
Azerbaijan,4.0 [2.3-6.3],3.9 [2.3-6.2],3.9 [2.3-6.1],3.9 [2.3-6.0],4.0 [2.4-6.1],4.1 [2.4-6.2],4.2 [2.5-6.3],4.3 [2.5-6.4],4.4 [2.6-6.5],4.5 [2.6-6.6],4.6 [2.7-6.7],4.8 [2.7-6.8],5.0 [2.8-7.0],4.9 [2.8-6.7],4.7 [2.8-6.4],4.5 [2.8-6.1],4.0 [2.6-5.4],3.9 [2.6-5.2],3.7 [2.6-4.9],3.4 [2.5-4.7]
Bahamas,3.4 [2.3-4.8],3.4 [2.4-4.8],3.3 [2.3-4.6],3.5 [2.5-4.8],3.4 [2.5-4.7],3.3 [2.4-4.4],3.2 [2.3-4.2],3.6 [2.6-4.8],3.8 [2.8-5.0],3.7 [2.7-4.8],3.4 [2.5-4.5],3.4 [2.5-4.5],3.3 [2.5-4.4],3.6 [2.6-4.7],3.2 [2.3-4.2],3.3 [2.5-4.4],2.5 [1.9-3.3],2.4 [1.8-3.2],2.7 [2.0-3.6],2.5 [1.9-3.3]
Bahrain,7.2 [4.5-10.4],7.0 [4.4-10.1],6.7 [4.2-9.7],6.5 [4.0-9.2],6.3 [4.0-8.9],6.4 [4.0-8.9],6.2 [3.9-8.5],6.4 [4.0-8.8],6.9 [4.3-9.4],7.2 [4.4-9.7],7.7 [4.6-10.2],8.3 [4.9-11.0],8.7 [5.1-11.6],7.8 [4.6-10.5],9.6 [5.7-12.8],9.8 [5.9-13.1],9.9 [6.3-13.3],9.2 [6.1-12.5],8.9 [6.1-12.3],7.0 [4.9-9.9]
Bangladesh,3.9 [2.4-6.0],3.8 [2.3-5.8],3.7 [2.3-5.6],3.6 [2.3-5.5],3.6 [2.4-5.5],3.7 [2.5-5.5],3.8 [2.5-5.6],4.0 [2.7-5.9],4.3 [2.9-6.3],4.8 [3.3-7.0],5.1 [3.5-7.3],5.3 [3.6-7.6],5.5 [3.8-7.8],5.6 [3.8-7.9],5.6 [3.8-7.9],5.6 [3.8-7.8],5.8 [3.9-8.2],6.1 [4.1-8.6],6.5 [4.3-9.1],6.9 [4.6-9.7]
Barbados,0.3 [0.2-0.4],0.3 [0.2-0.4],0.3 [0.2-0.4],0.3 [0.2-0.4],0.3 [0.2-0.4],0.3 [0.2-0.4],0.1 [0.1-0.1],0.2 [0.2-0.3],0.6 [0.5-0.8],1.2 [0.9-1.6],1.1 [0.9-1.5],0.7 [0.6-0.9],1.3 [1.0-1.6],1.3 [1.0-1.7],2.2 [1.6-2.8],1.0 [0.7-1.2],0.8 [0.6-1.0],0.3 [0.2-0.4],1.5 [1.1-2.0],2.6 [1.9-3.4]
Belarus,16.5 [11.4-23.7],17.9 [12.8-24.8],18.5 [13.8-24.4],19.4 [15.1-24.6],19.6 [15.7-24.2],21.6 [17.7-26.0],22.8 [19.0-27.1],24.6 [21.0-28.6],30.2 [25.9-34.7],29.9 [25.8-34.3],30.4 [26.3-34.8],30.6 [26.4-35.0],30.9 [26.6-35.6],34.8 [29.7-40.1],37.2 [31.8-43.0],36.1 [30.9-41.4],37.1 [32.1-42.4],38.7 [33.6-44.1],38.3 [33.5-43.4],37.3 [32.6-42.1]
Belgium,13.9 [11.5-16.6],14.3 [12.0-16.9],14.6 [12.4-17.0],15.0 [13.0-17.3],14.4 [12.6-16.4],15.1 [13.3-17.0],15.4 [13.6-17.2],16.4 [14.6-18.4],16.7 [14.8-18.7],16.5 [14.7-18.4],16.7 [14.9-26.4],16.6 [14.8-26.8],15.1 [13.4-16.9],16.6 [14.8-18.5],16.7 [14.9-18.7],16.7 [14.8-18.6],17.9 [15.9-19.9],17.1 [15.3-19.1],18.4 [16.4-28.5],18.3 [16.3-20.4]
Belize,7.7 [5.5-10.3],7.2 [5.2-9.5],7.7 [5.7-10.2],6.7 [5.0-8.7],6.9 [5.2-8.9],6.9 [5.2-8.9],6.8 [5.2-8.8],7.4 [5.6-9.5],7.9 [6.0-10.2],8.2 [6.2-10.5],7.5 [5.7-9.6],5.7 [4.4-7.3],6.7 [5.1-8.6],7.2 [5.5-9.2],7.1 [5.4-9.1],8.8 [6.7-11.3],8.2 [6.2-10.5],8.1 [6.2-10.4],8.2 [6.2-10.5],10.0 [7.6-12.9]
Benin,12.7 [7.6-20.4],13.0 [7.7-20.8],13.1 [7.8-20.9],13.3 [8.0-21.1],13.4 [8.0-21.2],13.6 [8.2-21.6],13.8 [8.3-21.8],13.9 [8.4-22.0],14.1 [8.5-22.3],14.1 [8.5-22.2],14.2 [8.6-22.3],14.0 [8.4-21.8],14.3 [8.6-22.4],14.6 [8.8-22.7],14.7 [8.9-22.9],14.8 [9.1-23.0],14.8 [9.1-22.9],14.9 [9.1-22.9],14.8 [9.1-22.8],14.7 [9.1-22.6]
Bhutan,5.1 [2.7-8.5],5.1 [2.8-8.6],5.1 [2.8-8.7],5.1 [2.8-8.5],5.2 [2.8-8.7],5.2 [2.9-8.7],5.2 [2.9-8.7],5.2 [2.9-8.7],5.2 [2.9-8.7],5.2 [2.9-8.7],5.4 [3.0-8.9],5.5 [3.1-9.1],5.7 [3.2-9.3],5.9 [3.4-9.6],6.0 [3.5-9.7],6.1 [3.6-10.0],6.4 [3.7-10.3],6.5 [3.8-10.5],6.8 [4.0-11.1],6.9 [4.0-11.2]
Bolivia (Plurinational State of),6.8 [3.6-11.1],7.0 [3.7-11.5],7.2 [3.8-11.8],7.4 [4.0-12.2],7.2 [3.9-11.7],7.0 [3.8-11.5],6.9 [3.8-11.2],6.9 [3.8-11.2],7.1 [3.9-11.5],7.0 [3.9-11.4],7.0 [3.9-11.3],7.0 [3.9-11.3],7.2 [4.1-11.5],7.0 [4.0-11.2],7.4 [4.2-11.8],7.5 [4.3-11.9],7.7 [4.4-12.2],7.9 [4.6-12.5],8.1 [4.7-12.7],8.4 [4.9-13.2]
Bosnia and Herzegovina,8.3 [5.1-11.9],8.2 [5.2-11.5],8.1 [5.2-10.9],8.1 [5.3-10.7],8.3 [5.4-10.9],8.2 [5.3-10.7],8.2 [5.4-10.8],8.1 [5.3-10.7],8.4 [5.4-11.0],8.3 [5.4-11.0],8.5 [5.5-11.3],8.7 [5.7-11.6],9.4 [6.1-12.5],8.8 [5.8-11.7],9.0 [5.9-12.0],8.4 [5.7-11.4],8.5 [5.8-11.5],8.5 [5.8-11.9],8.4 [5.7-11.7],8.1 [5.6-11.4]
Botswana,20.2 [10.9-34.5],22.1 [11.8-37.6],22.3 [12.0-37.9],22.9 [12.3-38.7],24.5 [13.2-41.4],25.3 [13.7-42.7],27.8 [15.1-46.6],29.0 [15.8-48.7],29.1 [15.8-48.2],31.2 [17.0-51.6],32.1 [17.2-53.1],36.1 [18.9-60.1],37.4 [19.2-62.9],40.9 [20.7-69.0],43.4 [21.6-73.6],40.9 [20.2-69.6],40.3 [19.8-68.7],42.2 [20.4-71.8],44.7 [21.5-76.7],46.3 [22.3-79.8]
Brazil,6.4 [5.8-12.1],6.5 [6.0-11.5],6.2 [5.7-12.6],5.7 [5.3-10.3],5.6 [5.2-8.8],5.4 [5.1-8.8],5.4 [5.1-9.5],5.3 [5.0-9.4],5.2 [4.9-10.1],5.0 [4.7-9.0],5.2 [4.9-9.7],5.2 [4.9-11.4],5.1 [4.7-7.5],4.9 [4.5-10.8],5.0 [4.6-7.4],4.7 [4.4-7.9],4.7 [4.4-8.5],4.8 [4.4-7.1],4.9 [4.5-8.1],4.5 [4.1-6.2]
Brunei Darussalam,2.5 [1.6-3.6],3.0 [2.0-4.3],3.3 [2.1-4.6],2.4 [1.6-3.3],1.6 [1.1-2.2],1.7 [1.2-2.3],1.8 [1.3-2.5],2.2 [1.5-3.0],1.7 [1.2-2.3],1.1 [0.8-1.6],1.6 [1.1-2.2],1.8 [1.3-2.5],2.2 [1.6-3.0],2.4 [1.7-3.3],1.9 [1.4-2.7],1.8 [1.3-2.5],1.6 [1.1-2.3],1.5 [1.1-2.2],1.3 [0.9-1.9],1.7 [1.2-2.6]
Bulgaria,6.5 [4.6-8.9],6.6 [4.7-8.9],6.7 [5.0-8.6],6.6 [5.2-8.1],6.8 [5.5-8.2],7.1 [5.9-8.6],7.4 [6.1-8.8],8.8 [7.3-10.4],7.9 [6.7-9.3],8.5 [7.1-9.9],8.5 [7.2-10.0],9.2 [7.8-10.8],8.6 [7.3-10.1],9.5 [8.1-11.0],9.6 [8.1-11.2],10.5 [8.9-12.3],11.2 [9.5-13.0],13.0 [11.1-15.1],13.2 [11.3-15.3],14.0 [12.0-16.3]
Burkina Faso,14.4 [8.8-22.1],14.7 [9.0-22.5],14.8 [9.1-22.8],15.2 [9.3-23.3],15.4 [9.5-23.7],15.7 [9.7-23.9],16.1 [10.0-24.6],16.1 [10.0-24.4],15.6 [9.8-23.6],15.8 [9.9-23.9],15.7 [9.8-23.8],15.7 [9.8-23.8],15.9 [10.0-24.1],15.9 [10.0-24.2],15.9 [10.0-24.0],15.8 [10.0-24.0],15.8 [9.9-23.9],15.9 [10.0-24.0],16.4 [10.3-24.6],16.9 [10.6-25.5]
Burundi,12.1 [7.2-19.7],12.3 [7.3-20.0],12.5 [7.4-20.2],12.6 [7.5-20.3],12.8 [7.6-20.6],13.1 [7.8-21.1],13.8 [8.2-22.0],14.1 [8.4-22.5],14.5 [8.7-23.0],14.9 [8.9-23.7],15.2 [9.1-24.2],15.7 [9.4-24.8],16.5 [9.9-26.0],17.5 [10.5-27.6],17.9 [10.8-28.0],18.5 [11.2-28.9],19.4 [11.6-30.2],20.5 [12.3-32.0],21.6 [12.9-33.8],23.4 [13.9-36.9]
Cote d'Ivoire,15.7 [9.3-24.8],15.9 [9.5-25.0],16.4 [9.8-25.5],17.0 [10.2-26.4],17.7 [10.7-27.3],18.5 [11.4-28.4],19.5 [12.0-29.7],19.7 [12.2-30.0],19.6 [12.1-29.8],20.0 [12.4-30.4],19.4 [12.0-29.4],19.0 [11.8-28.7],20.3 [12.6-30.6],20.5 [12.7-30.9],20.3 [12.7-30.7],21.2 [13.2-32.0],21.7 [13.6-32.9],22.1 [13.7-33.4],22.9 [14.2-34.9],24.0 [14.8-36.6]
Cabo Verde,15.2 [9.5-23.2],16.0 [10.0-24.0],16.2 [10.1-23.6],16.5 [10.4-24.0],16.7 [10.5-23.9],16.9 [10.7-24.0],17.5 [11.1-24.5],18.0 [11.5-25.2],18.2 [11.7-25.5],18.4 [11.8-26.0],18.4 [11.7-26.2],18.3 [11.6-26.2],18.1 [11.4-26.2],18.2 [11.4-26.5],18.5 [11.6-27.2],18.3 [11.4-27.0],18.1 [11.2-26.9],18.1 [11.2-27.0],18.0 [11.1-26.9],18.2 [11.3-27.1]
Cambodia,5.5 [3.3-8.5],5.6 [3.3-8.6],5.6 [3.4-8.7],5.8 [3.5-8.8],5.8 [3.5-8.8],5.8 [3.5-8.8],6.0 [3.6-9.0],6.1 [3.7-9.3],6.2 [3.8-9.4],6.3 [3.9-9.6],6.4 [3.9-9.7],6.7 [4.1-10.1],6.9 [4.2-10.4],6.9 [4.3-10.5],6.8 [4.2-10.3],6.6 [4.0-10.1],6.5 [3.9-9.9],6.6 [4.0-10.1],6.8 [4.1-10.4],6.8 [4.1-10.6]
Cameroon,15.9 [9.3-25.6],15.9 [9.3-25.4],16.1 [9.4-25.6],16.6 [9.7-26.3],17.1 [10.0-27.0],17.9 [10.6-28.3],18.7 [11.1-29.4],19.2 [11.4-29.8],19.4 [11.6-30.1],19.5 [11.8-30.2],20.0 [12.1-30.8],20.1 [12.2-30.9],20.4 [12.3-31.2],20.9 [12.6-31.9],20.6 [12.4-31.4],19.4 [11.8-29.6],19.5 [11.9-29.7],19.2 [11.7-29.3],19.4 [11.8-29.5],19.1 [11.7-29.1]
Canada,10.3 [8.4-14.8],10.5 [8.6-14.9],11.7 [9.7-13.7],10.4 [8.8-16.8],11.2 [9.6-12.8],10.9 [9.5-12.3],10.2 [9.0-11.4],10.1 [8.9-11.3],9.6 [8.6-20.2],10.3 [9.1-11.4],10.2 [9.1-11.4],9.9 [8.8-11.0],9.9 [8.8-11.0],9.6 [8.5-10.7],10.6 [9.4-16.5],10.3 [9.2-11.4],10.9 [9.7-12.1],10.5 [9.4-11.7],10.9 [9.7-12.1],10.7 [9.6-11.9]
Central African Republic,23.0 [12.8-37.6],23.6 [13.1-38.8],25.7 [14.1-42.3],25.3 [13.9-41.5],26.3 [14.3-43.3],27.6 [14.9-45.7],27.0 [14.6-44.4],26.6 [14.6-43.8],27.6 [15.0-45.2],28.1 [15.3-46.1],28.5 [15.3-47.0],27.3 [14.9-44.8],27.7 [15.2-45.4],28.1 [15.5-46.1],27.2 [15.0-44.4],28.0 [15.4-45.6],29.1 [15.9-47.4],30.4 [16.5-49.8],30.7 [16.7-50.4],32.5 [17.5-53.4]
Chad,13.2 [7.5-21.5],13.6 [7.8-22.0],13.8 [7.9-22.4],13.7 [7.9-22.3],14.0 [8.1-22.7],14.6 [8.5-23.7],15.1 [8.7-24.7],15.6 [8.9-25.5],15.9 [9.0-26.2],16.0 [9.0-26.4],15.8 [8.9-26.1],15.7 [8.8-25.8],15.9 [9.0-26.3],15.6 [8.8-25.7],15.6 [8.8-25.9],15.7 [8.7-25.9],16.0 [8.9-26.3],15.8 [8.8-26.0],15.8 [8.9-25.9],15.7 [8.9-25.7]
Chile,8.0 [6.5-9.8],8.0 [6.5-9.6],8.4 [7.0-9.9],9.2 [7.9-10.6],9.2 [7.9-16.0],9.1 [8.0-10.4],9.2 [8.0-10.3],9.9 [8.7-11.1],11.0 [9.7-12.3],11.0 [9.7-17.9],12.1 [10.7-13.6],11.8 [10.4-13.2],10.6 [9.4-22.8],9.7 [8.6-18.1],9.5 [8.4-15.9],10.0 [8.8-11.3],9.7 [8.5-18.0],9.7 [8.5-15.9],10.4 [9.1-11.8],10.5 [9.2-12.0]
China,6.7 [5.1-8.7],6.8 [5.3-8.7],6.9 [5.5-8.8],7.0 [5.6-8.9],7.1 [5.8-8.9],7.4 [6.1-9.1],7.7 [6.3-9.6],8.1 [6.7-10.2],8.8 [7.2-10.9],9.6 [7.8-11.7],10.1 [8.2-12.1],10.6 [8.5-12.5],11.1 [8.8-13.1],11.9 [9.3-13.9],12.8 [10.0-15.0],13.4 [10.3-15.6],13.0 [10.1-15.0],12.5 [9.9-14.5],13.3 [10.4-15.5],14.9 [11.3-17.2]
Colombia,3.7 [2.5-8.7],3.9 [2.7-8.6],4.5 [3.4-10.4],4.1 [3.3-7.6],4.0 [3.3-7.3],3.7 [3.1-6.9],3.6 [3.1-10.5],3.8 [3.2-11.8],3.7 [3.1-12.2],3.9 [3.3-13.0],4.2 [3.6-7.8],4.3 [3.7-8.5],4.3 [3.7-9.0],4.3 [3.7-12.0],4.3 [3.7-14.2],4.7 [4.0-15.0],4.8 [4.1-13.0],4.9 [4.2-15.7],5.2 [4.5-8.3],5.3 [4.5-11.3]
Comoros,8.5 [4.0-15.8],8.5 [4.2-15.7],8.6 [4.4-15.7],8.7 [4.4-16.0],8.8 [4.5-16.0],8.9 [4.5-16.1],8.5 [4.2-15.8],8.6 [4.3-16.1],8.5 [4.3-15.9],9.0 [4.4-16.9],8.6 [4.3-15.9],9.0 [4.6-16.4],8.9 [4.6-16.2],9.1 [4.6-16.7],9.1 [4.7-16.6],9.3 [4.8-16.9],9.8 [4.8-17.8],10.2 [5.2-18.2],10.6 [5.4-18.8],10.9 [5.5-19.3]
Congo,11.6 [6.9-18.4],11.6 [6.9-18.4],11.9 [7.1-18.8],12.3 [7.3-19.5],12.5 [7.5-19.6],13.5 [8.1-21.3],14.5 [8.7-22.7],15.5 [9.3-24.2],15.3 [9.2-23.9],15.8 [9.5-24.6],16.3 [9.9-25.3],16.0 [9.7-24.7],16.6 [10.1-25.6],17.2 [10.5-26.5],17.4 [10.6-26.9],18.3 [11.0-28.4],18.4 [11.1-28.7],19.8 [11.5-31.1],21.9 [12.6-34.3],24.7 [14.5-38.7]
Costa Rica,7.6 [5.3-10.5],6.8 [4.9-14.1],5.8 [4.4-18.1],7.3 [5.9-8.9],6.4 [5.2-7.7],5.4 [4.4-6.4],6.4 [5.3-7.6],6.3 [5.3-18.0],6.7 [5.6-7.9],6.8 [5.7-8.0],5.6 [4.7-6.6],5.5 [4.6-6.5],5.6 [4.8-6.7],8.4 [7.1-19.9],6.7 [5.6-7.9],8.4 [7.0-9.9],8.1 [6.8-9.6],7.3 [6.1-8.6],5.6 [4.6-6.6],6.9 [5.7-8.1]
Croatia,11.0 [7.9-15.0],11.1 [8.2-14.7],10.9 [8.5-13.7],11.5 [9.5-13.7],12.2 [10.2-14.3],12.4 [10.5-14.5],12.3 [10.5-14.2],13.1 [11.3-15.1],11.8 [10.1-13.6],13.2 [11.4-15.2],13.2 [11.5-15.2],13.4 [11.5-15.4],13.4 [11.5-15.4],13.7 [11.8-15.8],15.0 [13.0-17.3],15.1 [13.0-17.4],15.1 [13.1-17.4],14.9 [12.9-17.1],15.3 [13.3-30.2],16.3 [14.0-18.9]
Cuba,10.2 [7.5-18.0],10.2 [7.9-17.3],10.5 [8.7-20.6],9.7 [8.2-11.5],10.4 [8.8-12.1],10.2 [8.8-11.8],10.6 [9.2-12.2],10.7 [9.3-12.3],11.1 [9.7-12.7],11.4 [10.0-13.1],11.1 [9.7-12.6],10.4 [9.1-11.8],9.9 [8.6-11.3],10.6 [9.3-12.1],11.1 [9.7-12.7],12.0 [10.5-13.7],12.0 [10.5-13.6],12.9 [11.3-14.7],13.7 [12.0-15.6],15.6 [13.7-25.0]
Cyprus,3.2 [2.0-4.4],3.6 [2.3-5.0],3.3 [2.1-4.5],4.2 [2.6-5.6],4.2 [2.7-5.6],4.8 [3.0-6.4],5.1 [3.3-6.8],4.9 [3.1-6.5],3.7 [2.4-5.0],4.6 [3.1-6.2],4.0 [2.7-5.4],5.6 [3.9-7.4],2.8 [2.0-3.9],3.2 [2.4-4.4],2.3 [1.7-3.3],0.8 [0.6-1.1],2.1 [1.5-2.9],2.0 [1.4-2.9],2.0 [1.4-2.9],1.9 [1.3-2.8]
Czechia,9.5 [7.2-12.3],10.8 [8.6-13.3],11.2 [9.5-13.0],10.3 [8.9-11.9],10.5 [9.1-12.0],11.7 [10.2-13.2],12.8 [11.2-14.4],13.1 [11.5-14.7],12.9 [11.4-14.6],11.9 [10.5-13.5],11.8 [10.4-13.4],11.3 [9.9-23.9],11.2 [9.9-12.7],11.5 [10.1-12.9],12.6 [11.1-14.3],13.1 [11.5-14.9],13.7 [12.0-25.4],12.4 [10.9-14.0],13.2 [11.6-15.0],13.4 [11.8-15.2]
Democratic People's Republic of Korea,8.2 [4.6-13.9],8.2 [4.6-13.9],8.7 [4.9-14.6],9.2 [5.2-15.5],9.5 [5.3-15.9],9.1 [5.2-15.3],9.1 [5.2-15.2],9.1 [5.1-15.2],9.2 [5.2-15.4],9.2 [5.2-15.3],9.1 [5.2-15.1],9.2 [5.2-15.2],8.9 [5.1-14.7],9.0 [5.1-14.7],9.0 [5.1-14.8],9.2 [5.3-15.1],9.4 [5.4-15.3],9.8 [5.7-16.0],9.9 [5.7-16.1],10.3 [5.9-16.6]
Democratic Republic of the Congo,12.4 [7.4-19.6],12.4 [7.4-19.6],12.0 [7.3-19.0],12.1 [7.3-19.0],12.3 [7.5-19.1],12.6 [7.7-19.5],12.8 [7.8-19.7],13.0 [8.0-20.0],13.3 [8.3-20.5],13.5 [8.4-20.7],13.6 [8.5-20.7],13.4 [8.4-20.3],13.4 [8.5-20.2],13.9 [8.7-21.0],14.1 [8.8-21.1],14.2 [9.0-21.4],14.4 [9.1-21.6],14.2 [8.9-21.4],14.4 [9.0-21.7],14.5 [9.0-22.0]
Denmark,7.6 [6.0-9.6],8.2 [6.5-10.2],8.3 [6.6-10.2],8.2 [6.7-10.0],8.1 [6.7-9.7],9.1 [7.6-10.7],9.0 [7.6-10.5],9.8 [8.4-11.4],9.7 [8.3-11.2],8.9 [7.6-10.3],9.8 [8.4-11.4],10.0 [8.6-11.7],9.5 [8.1-11.0],11.2 [9.6-13.0],11.1 [9.5-12.8],11.1 [9.5-12.9],10.3 [8.9-11.9],11.2 [9.6-12.9],12.3 [10.6-14.2],12.5 [10.8-14.4]
Djibouti,11.9 [5.9-21.4],12.2 [6.0-21.8],12.3 [6.1-22.0],12.1 [6.0-21.6],11.9 [5.9-21.3],12.2 [6.0-22.0],12.1 [6.0-21.8],11.9 [5.9-21.3],11.8 [5.8-21.2],11.7 [5.8-20.9],11.5 [5.7-20.4],11.4 [5.7-20.2],11.5 [5.7-20.3],11.7 [5.8-20.6],12.0 [6.0-21.0],12.1 [6.1-21.0],12.1 [6.0-20.9],12.0 [6.0-20.7],11.7 [5.9-20.2],12.1 [6.1-20.7]
Dominican Republic,5.1 [2.9-8.4],5.5 [3.2-8.9],6.0 [3.6-9.5],6.8 [4.3-10.5],6.8 [4.4-10.4],6.6 [4.3-9.9],6.1 [4.1-8.9],5.8 [4.0-8.4],5.5 [3.8-8.0],5.4 [3.6-7.8],5.6 [3.7-8.3],5.6 [3.7-8.3],5.7 [3.8-8.3],5.6 [3.8-8.0],5.6 [3.8-7.9],5.3 [3.7-7.5],5.3 [3.7-7.5],4.9 [3.4-7.0],4.8 [3.3-6.7],4.9 [3.4-6.9]
Ecuador,7.7 [4.2-10.9],8.1 [4.5-11.1],9.3 [5.3-12.1],9.1 [5.3-11.7],8.9 [5.2-11.3],8.9 [5.3-11.3],9.7 [5.9-12.2],10.3 [6.2-12.9],10.0 [6.2-12.6],10.2 [6.4-12.8],10.8 [6.8-13.5],10.8 [6.9-13.5],10.5 [6.8-13.2],10.4 [6.9-13.0],10.3 [6.9-12.9],9.4 [6.6-11.8],8.9 [6.3-11.2],8.4 [6.0-10.5],7.3 [5.3-9.2],6.8 [5.0-8.5]
Egypt,3.4 [1.6-6.5],3.4 [1.6-6.5],3.4 [1.6-6.4],3.6 [1.7-6.8],3.7 [1.8-6.9],3.7 [1.8-6.9],3.8 [1.8-7.1],3.8 [1.8-7.2],3.7 [1.7-6.9],3.6 [1.7-6.8],3.6 [1.7-6.6],3.5 [1.7-6.5],3.5 [1.7-6.5],3.6 [1.7-6.5],3.6 [1.7-6.6],3.7 [1.8-6.7],3.7 [1.8-6.8],3.7 [1.8-6.8],3.8 [1.8-6.9],3.6 [1.8-6.6]
El Salvador,6.1 [3.7-13.3],6.1 [3.8-13.1],6.2 [3.9-13.3],5.8 [3.8-12.3],6.8 [4.7-9.5],6.0 [4.3-7.9],6.7 [4.8-16.3],7.0 [5.1-9.2],8.0 [6.1-10.5],6.4 [4.8-22.8],9.0 [6.8-11.9],7.3 [5.6-17.4],8.5 [6.5-18.5],7.0 [5.4-9.4],8.2 [6.3-17.3],7.3 [5.7-9.6],7.2 [5.6-9.4],5.9 [4.6-7.7],7.4 [5.9-9.5],6.7 [5.3-8.6]
Equatorial Guinea,13.5 [7.2-24.4],14.1 [7.5-25.3],13.2 [7.0-23.6],15.0 [7.9-27.2],15.3 [8.0-27.9],14.2 [7.6-25.7],13.8 [7.3-24.7],15.5 [8.2-27.5],16.6 [8.8-29.4],15.3 [8.1-27.0],13.9 [7.4-24.1],13.9 [7.5-24.0],14.2 [7.7-24.2],14.4 [7.9-24.3],14.1 [7.8-23.5],14.6 [8.2-23.9],15.3 [8.7-24.8],15.8 [9.1-25.4],17.6 [10.3-27.9],19.4 [11.4-30.4]
Eritrea,17.3 [9.5-28.3],17.8 [9.8-29.4],18.0 [9.9-29.7],18.3 [10.0-30.2],18.7 [10.1-30.8],18.9 [10.3-31.2],19.2 [10.5-31.7],19.7 [10.7-32.5],20.2 [11.0-33.1],20.5 [11.2-33.6],20.9 [11.4-34.2],21.3 [11.6-34.8],20.8 [11.4-34.0],21.2 [11.6-34.4],20.9 [11.5-34.2],20.9 [11.5-34.0],20.7 [11.4-33.9],22.1 [12.0-36.1],22.5 [12.3-36.6],23.4 [12.7-38.2]
Estonia,12.0 [8.3-16.6],11.6 [8.3-15.6],15.2 [11.4-19.7],12.5 [9.8-15.5],13.4 [10.7-16.4],16.2 [13.0-19.6],14.9 [12.1-18.1],17.2 [14.1-20.6],14.7 [12.2-17.6],15.4 [12.8-18.4],19.2 [16.1-22.7],16.2 [13.5-19.3],17.5 [14.6-20.7],16.8 [14.1-19.9],19.1 [16.1-22.4],23.1 [19.6-27.2],22.3 [18.9-26.2],25.8 [21.8-49.8],26.1 [22.2-30.6],25.0 [21.2-29.3]
Eswatini,40.5 [20.1-69.2],40.1 [19.6-68.7],42.9 [20.9-73.5],46.2 [22.4-79.4],49.2 [23.8-84.6],54.6 [26.1-94.0],62.0 [29.7-106.8],66.3 [31.9-113.6],66.0 [32.0-112.8],70.5 [34.9-120.5],75.1 [37.4-127.9],75.8 [38.1-128.7],74.1 [37.5-125.5],64.9 [33.2-110.3],60.1 [30.9-101.5],57.9 [29.9-97.3],55.4 [28.7-92.8],51.1 [26.8-84.9],45.1 [24.0-74.6],40.6 [21.8-66.6]
Ethiopia,9.5 [6.6-13.5],9.5 [6.7-13.6],9.6 [6.8-13.6],9.8 [7.0-13.9],10.0 [7.2-13.9],10.0 [7.3-13.9],10.4 [7.7-14.4],11.3 [8.5-15.5],12.4 [9.3-16.9],13.1 [9.9-18.0],13.7 [10.3-18.9],14.2 [10.7-19.6],14.5 [10.9-20.0],14.9 [11.0-20.5],15.3 [11.4-21.1],15.8 [11.6-21.9],16.3 [11.9-22.5],16.9 [12.2-23.3],17.5 [12.4-24.0],18.4 [13.1-25.1]
Fiji,9.5 [5.9-14.4],9.7 [6.1-14.7],9.9 [6.3-14.8],10.0 [6.4-14.7],10.0 [6.5-14.5],10.3 [6.8-14.6],10.5 [7.1-14.7],10.5 [7.2-14.5],10.3 [7.2-14.2],10.1 [7.1-13.9],10.2 [7.2-13.9],10.2 [7.2-13.9],10.1 [7.1-13.7],9.9 [7.0-13.4],10.2 [7.2-13.8],10.0 [7.1-13.8],10.5 [7.4-14.5],11.0 [7.7-15.3],11.4 [7.9-15.9],11.7 [8.0-16.4]
Finland,13.4 [10.9-16.1],14.4 [11.9-17.2],14.4 [12.0-17.0],13.3 [11.3-15.4],12.1 [10.4-14.1],13.7 [11.9-15.6],15.0 [13.2-17.0],14.9 [13.1-16.8],15.7 [13.8-17.7],16.4 [14.5-18.5],17.9 [15.8-20.1],18.1 [16.0-20.4],17.0 [15.0-19.1],18.2 [16.1-20.5],16.9 [14.9-19.0],18.9 [16.7-21.1],18.9 [16.8-21.2],19.2 [17.0-21.5],21.2 [18.8-23.6],21.7 [19.4-24.2]
France,9.7 [7.8-15.1],10.0 [8.2-15.4],10.4 [8.6-15.7],10.7 [9.0-12.5],11.5 [9.8-19.1],11.4 [9.9-13.0],12.5 [10.9-17.2],13.4 [11.8-22.8],13.6 [12.0-18.2],13.9 [12.3-15.5],14.1 [12.5-15.7],14.0 [12.4-18.6],13.8 [12.3-15.4],14.4 [12.8-16.0],14.8 [13.2-19.7],15.3 [13.6-17.1],15.7 [14.0-17.6],15.6 [13.9-20.6],15.4 [13.7-17.2],15.8 [14.0-20.9]
Gabon,13.1 [7.5-21.3],13.6 [7.8-21.8],13.8 [8.1-22.2],14.6 [8.5-23.3],15.2 [8.9-24.3],15.4 [9.1-24.5],13.6 [8.0-21.5],14.0 [8.2-22.0],15.8 [9.3-24.8],15.8 [9.4-24.7],15.9 [9.5-24.8],17.3 [10.3-27.0],16.0 [9.6-24.9],16.3 [9.8-25.5],15.7 [9.3-24.3],15.2 [8.9-23.5],16.6 [9.8-25.7],16.9 [10.0-25.9],18.3 [10.8-28.2],19.4 [11.4-29.8]
Gambia,9.6 [5.1-16.4],9.6 [5.2-16.4],9.8 [5.3-16.8],9.9 [5.3-17.0],10.3 [5.4-17.6],10.6 [5.6-17.9],10.7 [5.7-18.2],10.8 [5.7-18.4],11.0 [5.8-18.7],10.6 [5.7-18.0],10.9 [5.8-18.3],11.2 [6.0-18.8],11.2 [6.0-18.7],11.4 [6.1-18.9],11.4 [6.1-19.0],11.6 [6.2-19.4],11.5 [6.2-19.4],11.5 [6.1-19.4],11.3 [6.0-19.3],11.1 [5.8-19.1]
Georgia,7.7 [5.3-10.7],7.9 [5.5-10.7],8.1 [5.8-10.8],9.0 [6.7-11.8],8.8 [6.6-11.3],8.6 [6.5-11.0],8.2 [6.2-10.5],7.7 [5.8-9.9],7.2 [5.4-9.3],7.0 [5.3-9.1],7.4 [5.5-9.6],6.5 [4.9-8.5],5.2 [3.9-6.7],5.3 [4.0-6.9],5.5 [4.1-7.1],6.4 [4.8-8.3],5.7 [4.3-7.4],7.3 [5.6-9.5],6.1 [4.7-7.9],6.6 [5.1-8.5]
Germany,8.3 [6.7-10.0],8.5 [7.0-10.1],8.3 [7.0-9.8],8.8 [7.6-10.2],9.0 [7.8-10.3],9.2 [8.1-10.4],9.2 [8.2-10.3],9.0 [8.0-10.1],9.3 [8.2-10.3],9.5 [8.4-13.9],9.1 [8.1-13.3],9.1 [8.0-14.5],8.9 [7.9-13.1],9.3 [8.2-16.5],9.8 [8.7-14.1],10.4 [9.2-11.6],10.8 [9.6-12.1],11.0 [9.8-12.3],11.1 [9.9-16.9],11.2 [9.9-12.5]
Ghana,10.5 [6.5-16.0],10.8 [6.6-16.4],11.3 [7.0-17.0],11.7 [7.4-17.5],12.0 [7.6-17.8],12.4 [7.9-18.3],12.8 [8.2-18.7],13.0 [8.4-19.0],13.1 [8.6-19.1],13.3 [8.7-19.3],13.0 [8.6-18.9],12.9 [8.5-18.6],12.4 [8.3-17.9],12.3 [8.2-17.7],12.2 [8.1-17.4],11.9 [7.9-17.1],11.4 [7.6-16.5],11.0 [7.3-15.8],10.5 [7.0-15.2],9.8 [6.5-14.3]
Greece,3.6 [2.8-4.6],3.7 [2.9-4.6],3.8 [3.0-4.7],3.4 [2.8-4.2],3.8 [3.1-4.5],4.0 [3.4-4.8],4.0 [3.3-4.7],3.7 [3.1-4.4],3.5 [3.0-4.1],2.7 [2.3-3.2],2.9 [2.4-3.4],2.6 [2.2-3.1],2.5 [2.1-2.9],2.9 [2.4-3.4],2.9 [2.4-3.4],2.5 [2.1-3.0],2.7 [2.3-3.2],2.3 [1.9-2.7],2.5 [2.1-3.0],2.9 [2.4-3.4]
Grenada,0.6 [0.5-0.9],0.3 [0.2-0.5],0.7 [0.5-0.9],0.9 [0.7-1.2],0.6 [0.5-0.8],0.5 [0.3-0.6],1.1 [0.8-1.5],1.6 [1.2-2.1],1.6 [1.2-2.1],0.7 [0.6-0.9],0.5 [0.4-0.7],2.1 [1.5-2.7],1.9 [1.4-2.5],4.9 [3.7-6.5],3.2 [2.4-4.2],4.9 [3.7-6.4],2.6 [1.9-3.3],3.4 [2.6-4.4],0.4 [0.3-0.5],2.1 [1.6-2.8]
Guatemala,6.2 [4.3-8.6],6.3 [4.6-8.5],6.0 [4.5-7.9],6.2 [4.7-8.0],6.4 [5.0-8.1],6.4 [5.0-8.1],6.7 [5.2-8.4],7.0 [5.5-8.8],7.6 [6.0-9.6],8.7 [6.7-10.9],9.5 [7.3-11.9],9.9 [7.6-12.5],10.4 [8.0-13.2],13.3 [10.3-16.9],14.2 [10.9-18.0],13.9 [10.7-17.7],13.9 [10.6-17.6],13.7 [10.6-17.3],14.1 [10.9-17.8],13.5 [10.4-17.1]
Guinea,12.3 [6.7-20.4],12.2 [6.7-20.4],12.5 [6.8-20.7],12.8 [7.0-21.1],13.0 [7.1-21.5],13.0 [7.1-21.4],13.2 [7.3-21.8],12.9 [7.1-21.3],12.8 [7.1-21.0],12.5 [6.9-20.6],11.9 [6.6-19.5],11.7 [6.5-19.3],11.7 [6.5-19.0],11.1 [6.2-18.1],10.4 [5.9-17.1],10.4 [5.9-17.1],10.2 [5.8-16.7],10.1 [5.8-16.5],9.8 [5.6-16.0],9.7 [5.6-16.0]
Guinea-Bissau,12.4 [7.1-19.9],12.9 [7.3-20.9],13.1 [7.4-21.3],13.1 [7.4-21.4],13.1 [7.4-21.2],14.1 [8.0-22.9],14.8 [8.3-23.8],14.7 [8.3-23.7],15.1 [8.5-24.2],15.4 [8.7-24.7],15.6 [8.8-25.1],15.5 [8.7-24.8],15.5 [8.7-24.7],15.5 [8.6-24.7],15.6 [8.7-25.0],16.2 [9.0-25.9],16.3 [9.0-26.0],16.7 [9.2-26.8],17.2 [9.4-27.5],17.5 [9.6-28.2]
Guyana,40.9 [27.0-66.8],40.4 [27.3-65.1],39.9 [27.5-63.3],39.6 [28.0-62.3],39.3 [28.4-60.8],39.5 [29.4-52.0],40.7 [30.5-53.3],37.6 [28.6-63.1],35.3 [27.0-59.4],36.4 [28.0-59.9],36.3 [27.9-46.4],33.7 [26.0-42.9],35.1 [27.1-57.2],35.0 [26.9-55.7],35.6 [27.3-56.8],37.3 [28.5-60.1],38.1 [29.1-75.5],39.8 [30.3-77.4],39.9 [30.4-66.0],35.8 [27.1-64.3]
Haiti,11.2 [5.7-18.5],11.4 [5.8-18.9],11.4 [5.9-18.9],11.6 [6.0-19.3],12.0 [6.1-19.8],12.0 [6.2-19.9],12.0 [6.2-19.8],12.2 [6.3-20.1],12.5 [6.4-20.5],13.2 [6.8-21.8],12.8 [6.6-21.0],12.6 [6.5-20.6],12.6 [6.6-20.4],12.1 [6.3-19.6],12.0 [6.3-19.4],11.7 [6.1-18.8],12.0 [6.3-19.3],12.1 [6.4-19.4],12.4 [6.5-19.9],12.7 [6.7-20.4]
Honduras,2.6 [1.3-5.0],2.6 [1.4-5.0],2.7 [1.4-5.3],2.7 [1.4-5.2],4.6 [2.3-9.3],4.1 [2.1-8.2],3.9 [2.0-7.9],4.0 [2.0-8.0],2.6 [1.4-5.1],2.7 [1.4-5.2],2.7 [1.4-5.4],2.8 [1.5-5.6],2.9 [1.6-5.7],3.0 [1.6-5.8],3.0 [1.6-5.9],3.0 [1.6-5.8],3.0 [1.6-5.9],3.0 [1.7-5.8],3.0 [1.7-5.7],3.0 [1.7-5.7]
Hungary,11.8 [8.9-15.4],12.6 [10.0-15.6],12.6 [10.7-14.8],13.3 [11.4-15.4],14.6 [12.7-16.7],15.0 [13.1-17.0],16.1 [14.2-18.2],18.4 [16.2-20.7],18.9 [16.7-21.4],19.2 [17.0-21.5],19.5 [17.3-21.9],19.1 [16.9-21.5],18.9 [16.7-21.2],19.2 [17.0-21.6],20.5 [18.2-23.0],21.6 [19.1-24.2],21.8 [19.3-24.5],22.8 [20.2-25.6],23.8 [21.1-26.7],26.6 [23.6-29.9]
Iceland,11.2 [8.7-14.0],10.1 [8.0-12.5],11.7 [9.3-14.2],12.3 [9.8-15.0],13.2 [10.5-16.2],14.4 [11.5-17.7],12.5 [10.0-15.3],12.5 [10.0-15.4],10.7 [8.5-13.1],11.8 [9.4-14.5],12.9 [10.2-15.9],13.3 [10.6-16.5],13.5 [10.7-16.8],11.3 [8.9-14.0],10.8 [8.5-13.4],11.5 [9.1-14.2],12.0 [9.6-14.8],11.8 [9.4-14.5],12.4 [9.9-15.3],12.7 [10.1-15.5]
India,12.9 [9.3-16.5],12.9 [9.4-16.1],12.5 [9.2-15.4],12.6 [9.4-15.2],12.9 [9.8-15.3],13.5 [10.1-15.7],14.4 [10.9-16.7],15.1 [11.4-17.4],15.5 [11.7-18.0],15.6 [11.9-18.2],15.6 [11.9-18.1],16.3 [12.6-18.7],16.7 [13.0-19.3],17.1 [13.3-20.2],17.0 [13.3-20.1],16.8 [13.3-19.8],17.3 [13.5-20.3],18.2 [14.2-21.3],18.7 [14.7-21.8],19.1 [15.0-22.3]
Indonesia,2.6 [1.8-3.5],2.6 [1.8-3.5],2.6 [1.9-3.5],2.6 [1.9-3.5],2.6 [1.9-3.4],2.6 [1.9-3.5],2.7 [2.0-3.5],2.8 [2.0-3.6],2.9 [2.1-3.7],2.9 [2.2-3.7],3.0 [2.2-3.8],3.1 [2.3-3.9],3.2 [2.3-4.0],3.2 [2.4-4.1],3.3 [2.5-4.2],3.5 [2.6-4.4],3.6 [2.6-4.5],3.6 [2.7-4.5],3.7 [2.7-4.7],3.8 [2.8-4.8]
Iran (Islamic Republic of),5.1 [4.0-6.3],5.5 [4.3-6.7],5.8 [4.5-7.1],5.9 [4.6-7.2],6.0 [4.7-7.3],6.1 [4.8-7.4],6.1 [4.9-7.5],6.2 [5.0-7.7],6.1 [5.1-7.7],5.8 [4.8-7.3],5.7 [4.8-7.3],5.7 [4.8-7.3],6.0 [5.0-7.7],5.7 [4.8-7.3],6.0 [5.0-7.7],6.5 [5.4-8.3],6.8 [5.6-8.6],7.3 [6.1-9.3],7.7 [6.3-9.7],8.0 [6.5-10.1]
Iraq,4.7 [2.8-7.5],4.9 [2.9-7.7],5.2 [3.1-8.1],5.3 [3.2-8.3],5.4 [3.3-8.4],5.5 [3.3-8.5],5.7 [3.5-8.8],5.6 [3.4-8.7],5.5 [3.4-8.7],5.3 [3.2-8.5],5.1 [3.1-8.3],4.9 [2.9-8.1],5.0 [3.0-8.4],5.2 [3.1-8.7],5.1 [3.0-8.7],5.2 [3.0-8.7],5.2 [3.0-8.9],5.2 [3.0-8.9],5.2 [3.0-9.0],5.3 [3.0-9.1]
Ireland,8.9 [7.0-11.1],9.2 [7.3-11.3],9.3 [7.5-11.4],9.4 [7.7-11.3],8.7 [7.3-10.3],10.5 [9.0-12.2],10.5 [9.0-12.1],11.7 [10.1-13.3],11.8 [10.3-13.4],11.2 [9.7-12.8],13.3 [11.6-15.1],11.4 [9.9-13.1],10.8 [9.3-12.3],10.2 [8.8-11.7],11.0 [9.5-12.6],11.1 [9.6-12.6],11.3 [9.8-12.9],11.5 [10.1-13.1],12.5 [10.9-14.2],12.1 [10.5-13.8]
Israel,5.2 [4.1-6.4],5.3 [4.2-6.5],5.0 [4.0-6.1],5.0 [4.1-6.1],4.5 [3.7-5.3],5.0 [4.2-16.7],5.1 [4.2-6.0],6.0 [5.1-7.0],5.5 [4.6-6.4],6.6 [5.6-7.6],5.9 [5.0-6.9],5.1 [4.3-13.4],5.2 [4.4-6.0],5.5 [4.7-6.4],6.6 [5.6-7.8],6.1 [5.2-7.2],6.4 [5.4-7.5],5.8 [4.9-6.9],6.3 [5.4-7.4],6.8 [5.8-7.9]
Italy,4.3 [4.0-6.9],4.4 [4.1-7.0],4.8 [4.5-5.3],4.4 [4.0-4.7],4.8 [4.5-8.7],5.0 [4.7-5.4],5.3 [5.0-9.2],5.4 [5.0-5.7],5.1 [4.8-5.4],4.8 [4.5-8.6],4.9 [4.6-8.8],4.9 [4.6-5.1],4.7 [4.4-8.6],4.7 [4.4-4.9],4.8 [4.5-8.8],5.1 [4.8-5.4],5.3 [5.0-5.6],5.4 [5.1-5.7],5.4 [5.1-5.7],5.5 [5.2-5.8]
Jamaica,2.3 [1.5-3.3],2.2 [1.5-3.1],2.2 [1.5-3.0],2.2 [1.6-3.0],2.2 [1.6-2.9],2.2 [1.6-2.9],2.0 [1.5-2.6],2.1 [1.6-2.7],2.3 [1.7-2.9],2.0 [1.5-2.5],2.4 [1.8-3.1],2.3 [1.7-3.0],1.9 [1.4-2.4],1.6 [1.2-2.1],1.6 [1.2-2.1],1.7 [1.3-2.2],1.9 [1.4-2.4],2.0 [1.5-2.5],2.0 [1.5-2.6],2.1 [1.6-2.7]
Japan,12.2 [11.6-12.9],13.4 [12.7-14.0],13.5 [12.9-14.0],13.7 [13.2-14.2],14.9 [14.3-18.1],15.8 [15.2-21.5],16.7 [16.1-19.9],17.0 [16.4-17.5],18.4 [17.8-19.0],18.8 [18.1-19.4],19.5 [18.8-20.1],19.0 [18.4-22.2],19.1 [18.5-19.7],18.4 [17.8-21.5],18.8 [18.2-21.8],18.4 [17.8-18.9],19.5 [18.9-22.5],17.9 [17.3-18.4],17.5 [16.8-20.4],18.1 [17.4-18.6]
Jordan,2.0 [1.3-2.9],1.9 [1.3-2.8],1.9 [1.3-2.7],1.9 [1.3-2.6],1.9 [1.3-2.6],1.9 [1.3-2.6],1.9 [1.3-2.6],2.0 [1.4-2.7],2.0 [1.4-2.7],2.0 [1.5-2.8],2.1 [1.5-2.9],2.2 [1.6-3.1],2.4 [1.7-3.3],2.6 [1.8-3.6],2.8 [1.9-3.9],3.0 [2.1-4.2],3.1 [2.1-4.5],3.2 [2.1-4.6],3.4 [2.2-4.9],3.5 [2.3-5.1]
Kazakhstan,18.1 [13.9-23.2],19.4 [15.4-24.2],21.2 [17.4-25.4],22.0 [18.3-26.1],23.4 [19.8-27.5],24.2 [20.7-28.2],26.2 [22.5-30.2],27.3 [23.6-31.4],28.3 [24.5-32.5],29.4 [25.5-33.6],29.6 [25.7-33.8],33.8 [29.3-38.5],37.2 [32.2-42.5],37.2 [32.2-42.5],38.6 [33.5-44.0],39.3 [34.2-44.7],39.0 [34.1-44.4],38.3 [33.5-43.5],39.4 [34.6-44.6],39.4 [34.6-44.6]
Kenya,11.0 [7.8-15.5],11.0 [7.8-15.1],10.6 [7.6-14.8],10.5 [7.6-14.2],10.6 [7.7-14.3],11.1 [8.1-14.7],11.6 [8.7-15.2],11.7 [8.7-15.1],11.8 [8.9-15.2],11.9 [9.0-15.2],12.1 [9.2-15.5],12.8 [9.7-16.3],13.0 [9.9-16.6],12.7 [9.6-16.1],12.9 [9.7-16.6],12.2 [9.1-15.9],13.2 [9.8-17.2],13.9 [10.2-18.5],14.7 [10.8-20.0],15.8 [11.4-21.8]
Kiribati,30.6 [19.1-45.7],30.3 [19.0-45.1],31.5 [19.8-46.7],31.4 [19.7-46.7],31.6 [19.8-47.0],31.6 [19.8-47.1],32.3 [20.4-48.2],32.0 [20.2-47.9],32.9 [20.6-49.3],32.7 [20.4-48.8],33.0 [20.6-49.1],33.4 [21.0-49.8],32.8 [20.6-48.8],31.5 [19.9-46.3],32.5 [20.7-47.6],32.0 [20.4-46.6],32.5 [20.9-47.1],34.5 [22.4-49.5],35.3 [23.0-50.3],35.6 [23.4-50.5]
Kuwait,2.7 [1.9-3.7],2.6 [1.8-3.5],2.5 [1.8-3.4],2.5 [1.8-3.2],2.4 [1.8-3.1],2.4 [1.8-3.0],2.3 [1.8-2.9],2.3 [1.8-2.9],2.2 [1.8-2.8],2.4 [1.9-3.0],2.7 [2.1-3.3],2.9 [2.3-3.6],2.6 [2.0-3.2],2.7 [2.1-3.4],2.7 [2.1-3.4],2.7 [2.1-3.4],2.7 [2.1-3.4],2.9 [2.3-3.6],2.7 [2.1-3.4],3.1 [2.4-3.9]
Kyrgyzstan,8.3 [6.3-10.7],8.9 [7.0-11.2],9.2 [7.5-11.3],9.6 [7.9-11.6],10.9 [9.0-13.0],11.5 [9.6-13.6],11.4 [9.6-13.4],11.9 [10.0-14.0],12.3 [10.4-14.4],12.4 [10.5-14.6],12.8 [10.8-15.0],13.2 [11.1-15.5],13.7 [11.6-16.1],14.4 [12.1-16.9],14.5 [12.3-17.1],14.2 [12.0-16.7],15.2 [12.8-17.8],16.2 [13.7-19.0],16.4 [13.9-19.3],17.6 [14.9-20.7]
Lao People's Democratic Republic,6.0 [3.3-9.7],6.2 [3.4-10.0],6.2 [3.4-10.0],6.2 [3.4-10.0],6.2 [3.4-10.0],6.2 [3.4-10.0],6.3 [3.5-10.2],6.4 [3.5-10.4],6.7 [3.7-10.8],6.8 [3.8-11.0],7.0 [3.9-11.3],7.2 [4.1-11.6],7.4 [4.2-11.8],7.6 [4.3-12.2],7.7 [4.4-12.4],7.8 [4.5-12.5],8.0 [4.6-12.8],8.2 [4.7-13.2],8.6 [4.8-13.8],8.7 [4.8-13.9]
Latvia,16.1 [11.2-22.2],14.3 [10.4-19.2],17.1 [13.0-22.1],17.1 [13.7-21.2],17.1 [14.1-20.6],17.2 [14.3-20.5],16.7 [14.1-19.6],19.4 [16.4-22.7],18.2 [15.4-21.2],18.6 [15.9-21.6],21.7 [18.5-25.2],21.7 [18.5-25.1],17.0 [14.4-19.8],19.1 [16.3-22.1],22.1 [18.9-25.6],22.1 [18.8-42.1],24.5 [21.0-28.3],27.1 [23.3-31.3],27.5 [23.7-31.6],29.6 [25.5-48.5]
Lebanon,2.8 [1.4-5.0],2.5 [1.4-4.5],3.0 [1.6-5.3],2.8 [1.5-4.9],2.9 [1.6-5.0],2.8 [1.6-4.9],3.0 [1.7-5.2],3.0 [1.7-5.1],3.1 [1.7-5.2],3.0 [1.7-5.2],3.0 [1.7-5.2],3.0 [1.7-5.1],3.0 [1.7-5.1],2.7 [1.5-4.5],2.9 [1.6-4.9],2.9 [1.6-4.9],2.9 [1.6-4.9],2.9 [1.6-4.9],2.9 [1.6-4.9],3.0 [1.7-5.1]
Lesotho,87.5 [32.4-166.9],93.1 [34.3-176.3],96.3 [35.2-181.9],107.1 [39.4-201.8],114.5 [42.5-215.9],116.2 [43.4-217.7],111.4 [41.7-208.0],102.0 [38.0-189.7],91.1 [33.9-169.4],86.9 [32.5-160.6],84.6 [31.6-156.2],77.8 [29.6-144.3],61.3 [23.3-113.1],55.4 [21.4-101.9],46.7 [18.1-85.8],47.1 [18.4-86.2],45.7 [18.0-83.8],42.6 [16.9-77.4],40.4 [16.0-73.7],42.6 [17.0-76.9]
Liberia,7.4 [3.9-13.3],7.4 [3.8-13.9],7.6 [3.8-14.4],7.6 [3.9-14.5],7.7 [3.9-14.6],8.5 [4.4-16.0],8.5 [4.4-15.9],8.7 [4.5-16.4],8.8 [4.6-16.7],8.7 [4.5-16.3],8.6 [4.5-16.2],8.6 [4.5-16.2],8.7 [4.6-16.4],8.5 [4.4-15.9],8.3 [4.3-15.5],8.5 [4.4-15.8],8.3 [4.4-15.1],8.4 [4.5-15.1],8.4 [4.6-14.7],8.8 [4.8-15.5]
Libya,4.5 [2.5-7.4],5.7 [3.2-9.4],5.5 [3.1-9.0],5.0 [2.8-8.1],5.5 [3.1-9.0],6.1 [3.4-9.9],4.8 [2.7-7.7],5.6 [3.1-9.0],5.0 [2.8-8.0],5.4 [3.1-8.7],5.7 [3.3-9.1],5.4 [3.2-8.6],5.1 [3.0-8.2],4.5 [2.7-7.2],4.6 [2.7-7.4],4.7 [2.8-7.6],5.3 [3.1-8.7],5.5 [3.2-8.9],5.4 [3.1-8.8],5.3 [3.0-8.7]
Lithuania,20.2 [15.1-26.3],21.1 [16.7-26.1],23.5 [19.7-27.7],26.2 [22.5-30.3],28.9 [25.0-33.2],29.4 [25.7-33.5],34.0 [29.8-38.5],29.2 [25.7-33.1],31.8 [27.9-52.5],31.3 [27.6-35.4],33.1 [29.1-37.3],32.6 [28.6-36.9],29.9 [26.0-33.9],29.7 [26.1-33.7],36.9 [32.5-41.6],38.1 [33.6-42.9],40.2 [35.6-45.1],42.3 [37.5-60.7],42.1 [37.4-47.1],45.8 [40.5-63.7]
Luxembourg,8.6 [6.5-11.2],8.0 [6.1-10.4],7.5 [5.8-9.7],7.6 [5.8-9.7],9.6 [7.4-12.2],10.1 [7.8-12.8],8.8 [6.9-11.1],9.0 [7.0-11.2],9.3 [7.4-11.6],9.6 [7.6-11.9],8.9 [7.1-11.0],10.8 [8.6-13.3],11.2 [9.0-13.8],12.8 [10.2-15.7],10.9 [8.7-13.4],9.8 [7.8-12.1],12.9 [10.2-15.9],13.2 [10.5-16.3],13.5 [10.7-16.7],13.4 [10.7-16.6]
Madagascar,9.2 [5.4-14.7],9.2 [5.5-14.7],9.3 [5.5-14.9],9.5 [5.7-15.0],9.5 [5.7-15.1],9.8 [5.9-15.4],9.8 [5.9-15.4],9.9 [6.0-15.5],10.1 [6.2-15.9],10.2 [6.2-15.9],10.2 [6.2-15.9],10.3 [6.3-16.1],10.4 [6.4-16.1],10.6 [6.6-16.4],10.7 [6.6-16.5],10.9 [6.8-16.8],11.0 [6.9-16.8],10.8 [6.7-16.4],10.6 [6.6-16.2],10.8 [6.7-16.5]
Malawi,10.6 [6.6-16.0],11.0 [6.9-16.6],11.7 [7.4-17.6],12.2 [7.8-18.4],12.6 [8.1-18.7],12.8 [8.3-18.9],13.0 [8.5-19.2],13.7 [9.0-20.0],14.6 [9.6-21.3],16.0 [10.5-23.3],15.9 [10.5-22.9],15.2 [10.1-21.9],15.4 [10.2-22.2],14.8 [9.8-21.4],14.3 [9.5-20.6],15.0 [9.9-21.8],15.7 [10.1-22.8],16.5 [10.6-24.2],17.9 [11.5-26.3],19.2 [12.2-28.3]
Malaysia,5.8 [3.5-9.0],5.6 [3.5-8.6],5.6 [3.6-8.4],5.4 [3.5-8.0],5.2 [3.5-7.6],5.1 [3.5-7.3],4.9 [3.4-6.9],5.2 [3.6-7.3],5.2 [3.7-7.4],5.3 [3.7-7.4],5.5 [3.9-7.6],5.4 [3.8-7.5],5.3 [3.8-7.3],5.5 [3.8-7.5],5.7 [3.9-7.7],5.8 [4.0-7.9],5.9 [4.1-8.1],5.8 [3.9-7.9],5.8 [4.0-8.0],6.1 [4.1-8.5]
Maldives,2.8 [1.7-4.1],2.9 [1.9-4.3],3.1 [2.0-4.6],3.2 [2.0-4.6],3.0 [1.9-4.3],2.9 [1.9-4.2],2.8 [1.8-4.1],2.9 [1.9-4.2],2.9 [1.9-4.2],3.1 [2.0-4.5],3.3 [2.2-4.9],3.5 [2.3-5.1],3.6 [2.3-5.3],3.8 [2.4-5.6],3.8 [2.5-5.7],3.8 [2.4-5.7],4.6 [2.9-6.8],4.7 [2.9-7.1],5.1 [3.1-7.7],5.3 [3.2-8.1]
Mali,8.0 [4.0-14.6],8.0 [4.1-14.6],8.0 [4.1-14.7],8.3 [4.2-15.2],8.5 [4.3-15.5],8.7 [4.4-15.8],8.8 [4.5-16.0],8.7 [4.5-16.0],8.7 [4.4-16.0],8.7 [4.4-16.0],8.9 [4.5-16.4],8.9 [4.5-16.3],8.7 [4.5-16.1],8.7 [4.4-16.0],8.8 [4.5-16.1],8.6 [4.4-15.8],8.6 [4.4-15.7],8.7 [4.5-15.8],8.7 [4.5-15.8],8.8 [4.6-15.9]
Malta,5.3 [4.0-7.0],5.3 [3.9-6.9],4.8 [3.6-6.3],5.1 [3.9-6.6],6.6 [5.0-8.4],6.3 [4.8-8.2],5.9 [4.5-7.6],5.1 [3.9-6.6],5.7 [4.4-7.3],6.6 [5.1-8.3],6.1 [4.7-7.7],5.6 [4.3-7.0],4.6 [3.5-5.8],5.8 [4.5-7.4],4.4 [3.4-5.6],4.9 [3.7-6.2],4.5 [3.4-5.7],4.9 [3.8-6.2],6.5 [5.0-8.3],6.0 [4.6-7.6]
Mauritania,5.5 [2.7-10.1],5.4 [2.8-9.9],5.4 [2.8-9.7],5.4 [2.8-9.6],5.3 [2.8-9.5],5.4 [2.8-9.5],5.4 [2.8-9.6],5.5 [2.9-9.7],5.3 [2.8-9.3],5.5 [2.9-9.6],5.6 [2.9-9.7],5.6 [3.0-9.7],5.7 [3.0-9.9],5.8 [3.1-9.9],5.7 [3.1-9.9],6.0 [3.2-10.3],5.9 [3.2-10.2],6.1 [3.3-10.5],6.3 [3.4-10.7],6.4 [3.4-11.0]
Mauritius,8.8 [6.3-11.7],8.2 [6.1-10.7],9.6 [7.5-12.0],7.6 [6.0-9.4],7.5 [6.0-9.3],9.9 [7.9-12.1],7.8 [6.3-9.5],9.2 [7.4-11.3],8.6 [6.9-10.4],7.4 [6.0-9.0],8.6 [7.0-10.5],6.4 [5.2-7.8],10.0 [8.1-12.1],9.0 [7.3-11.0],8.7 [7.0-10.6],8.0 [6.5-9.6],7.6 [6.2-9.3],11.0 [9.0-13.2],9.8 [8.0-11.9],11.5 [9.4-13.7]
Mexico,5.3 [4.3-6.5],5.4 [4.6-6.2],5.9 [5.5-6.3],5.6 [5.3-5.9],5.6 [5.3-5.9],5.7 [5.4-6.0],5.3 [5.0-5.6],5.0 [4.7-5.2],5.4 [5.1-5.6],4.7 [4.4-4.9],4.8 [4.6-5.1],4.6 [4.3-4.8],4.3 [4.1-4.5],4.3 [4.0-4.5],4.4 [4.1-4.6],4.3 [4.0-4.5],4.3 [4.1-4.5],4.2 [3.9-11.0],4.2 [3.9-8.8],3.9 [3.7-11.0]
Micronesia (Federated States of),29.0 [11.8-47.0],29.1 [11.9-46.7],28.7 [11.7-45.9],28.2 [11.7-45.0],28.4 [12.2-45.1],27.4 [12.4-43.4],27.4 [12.7-43.0],27.6 [13.7-42.9],27.5 [14.4-42.4],27.0 [14.6-41.5],27.0 [15.0-41.4],27.0 [14.9-41.1],27.0 [15.0-40.9],27.4 [15.3-41.2],27.6 [15.6-41.5],27.1 [15.5-40.7],26.3 [15.0-39.4],26.3 [15.0-39.4],27.3 [15.5-40.9],28.0 [15.8-42.0]
Mongolia,18.0 [11.0-28.0],18.7 [11.4-28.8],19.1 [11.7-29.3],19.8 [12.2-30.1],19.7 [12.2-29.8],19.6 [12.2-29.6],20.4 [12.9-30.7],21.0 [13.2-31.3],21.9 [13.9-32.5],22.4 [14.4-33.3],22.7 [14.6-33.6],22.9 [14.6-34.0],23.0 [14.6-34.2],23.4 [14.9-34.8],23.9 [15.1-35.8],23.9 [15.0-36.0],23.8 [14.9-36.1],22.9 [14.1-34.9],23.7 [14.5-36.3],23.6 [14.4-36.4]
Montenegro,16.2 [10.9-23.6],16.4 [11.2-23.7],16.3 [11.2-23.2],16.1 [11.2-22.6],16.3 [11.7-22.4],16.3 [11.7-22.2],16.3 [11.7-22.1],17.1 [12.3-22.9],17.0 [12.3-22.6],16.5 [12.1-21.7],17.2 [12.7-22.4],17.3 [12.9-22.4],17.6 [13.2-22.6],19.2 [14.4-24.6],18.7 [14.1-24.1],18.4 [13.9-23.9],18.3 [13.9-23.9],17.8 [13.5-23.4],17.7 [13.4-23.3],18.9 [14.2-25.1]
Morocco,7.3 [3.4-13.6],7.3 [3.4-13.5],7.3 [3.4-13.3],7.4 [3.5-13.5],7.6 [3.6-13.8],7.9 [3.8-14.3],8.2 [3.9-15.0],9.2 [4.2-16.7],9.5 [4.3-17.5],9.5 [4.3-17.6],9.7 [4.3-17.8],9.8 [4.4-17.9],9.9 [4.4-18.2],9.9 [4.4-18.2],10.1 [4.6-18.6],10.2 [4.6-18.8],10.3 [4.7-19.1],10.4 [4.7-19.2],10.8 [4.9-20.0],10.8 [5.0-20.1]
Mozambique,23.2 [13.6-36.4],23.2 [13.6-36.2],23.1 [13.7-35.8],23.4 [14.0-35.9],24.0 [14.4-36.7],24.7 [14.9-37.7],26.0 [15.7-39.6],26.5 [16.1-40.0],25.9 [15.8-39.0],25.3 [15.5-38.1],24.6 [15.1-36.9],23.1 [14.3-34.5],21.8 [13.6-32.6],21.6 [13.5-32.4],21.4 [13.4-32.0],21.1 [13.2-31.7],20.9 [13.1-31.3],20.8 [13.0-31.0],20.8 [13.1-31.2],20.9 [13.1-31.4]
Myanmar,3.0 [1.8-4.5],3.0 [1.8-4.5],3.1 [1.9-4.7],3.3 [2.0-5.0],3.3 [2.0-5.0],3.4 [2.1-5.1],3.5 [2.1-5.2],3.5 [2.1-5.4],3.7 [2.2-5.6],3.8 [2.2-5.7],3.9 [2.3-5.9],3.9 [2.3-6.0],4.2 [2.5-6.5],4.4 [2.6-6.8],4.5 [2.6-6.9],4.6 [2.6-7.2],4.7 [2.6-7.3],4.8 [2.7-7.6],4.9 [2.7-7.8],5.1 [2.7-8.2]
Namibia,13.5 [7.6-22.7],13.7 [7.9-22.9],15.2 [8.7-25.3],14.9 [8.5-24.6],16.3 [9.3-27.0],15.3 [8.9-25.1],14.4 [8.5-23.2],14.5 [8.6-23.2],16.1 [9.7-25.7],18.0 [10.8-28.4],18.4 [11.0-29.2],19.7 [11.8-30.9],23.7 [14.1-37.3],24.5 [14.5-38.4],24.7 [14.6-38.6],23.4 [13.9-36.4],25.5 [15.1-39.6],26.3 [15.7-40.6],26.7 [16.1-40.9],27.5 [16.5-42.0]
Nepal,9.8 [5.4-15.2],9.7 [5.3-15.1],9.6 [5.2-15.0],9.7 [5.2-15.1],9.8 [5.2-15.3],9.9 [5.2-15.4],10.3 [5.3-15.8],10.6 [5.5-16.3],10.7 [5.6-16.3],10.5 [5.5-15.9],10.5 [5.6-15.8],10.2 [5.5-15.3],10.0 [5.5-14.9],9.7 [5.5-14.5],10.0 [5.6-14.8],9.8 [5.7-14.5],10.0 [5.8-14.7],10.1 [6.0-14.9],10.4 [6.2-15.2],10.9 [6.5-15.9]
Netherlands (Kingdom of the),9.3 [7.6-11.2],9.1 [7.5-10.8],9.6 [8.1-11.3],9.3 [8.0-10.8],9.3 [8.1-10.6],9.3 [8.1-10.5],9.5 [8.3-10.7],8.9 [7.8-10.0],8.4 [7.4-9.5],8.1 [7.1-9.1],7.8 [6.9-8.8],7.4 [6.6-8.4],7.1 [6.2-8.0],8.1 [7.1-9.1],8.3 [7.3-9.3],8.1 [7.2-9.2],8.0 [7.0-9.1],8.4 [7.4-9.5],8.0 [7.0-9.1],8.1 [7.1-9.2]
New Zealand,10.3 [8.6-12.2],10.7 [9.0-12.6],12.1 [10.3-14.2],11.5 [9.9-13.3],11.1 [9.6-12.8],10.6 [9.2-12.1],11.6 [10.2-13.1],12.3 [10.9-26.0],11.0 [9.7-12.3],12.0 [10.6-13.5],10.9 [9.7-12.3],11.9 [10.5-13.3],11.7 [10.4-13.1],12.6 [11.2-14.2],12.5 [11.1-14.0],12.2 [10.8-13.7],13.0 [11.4-14.6],12.2 [10.8-13.6],13.5 [12.0-15.2],12.4 [11.0-13.8]
Nicaragua,4.7 [3.0-11.8],5.0 [3.4-15.1],4.7 [3.4-6.4],4.6 [3.3-6.1],4.5 [3.2-5.9],5.0 [3.6-6.5],5.9 [4.2-17.0],4.9 [3.4-16.0],5.9 [4.1-27.6],5.4 [3.8-6.9],5.5 [3.8-7.0],5.6 [3.8-7.1],5.4 [3.7-6.8],5.3 [3.6-6.7],6.1 [4.1-7.7],6.4 [4.3-8.2],6.7 [4.5-8.4],5.9 [4.0-7.4],6.2 [4.2-7.9],6.3 [4.2-7.9]
Niger,10.1 [5.4-17.8],10.1 [5.4-17.7],10.2 [5.3-17.8],10.2 [5.3-17.9],10.4 [5.4-18.1],10.7 [5.6-18.5],10.7 [5.6-18.4],10.6 [5.6-18.3],10.4 [5.5-18.1],10.4 [5.5-18.0],10.2 [5.5-17.8],10.1 [5.4-17.5],10.2 [5.5-17.7],10.1 [5.4-17.5],10.1 [5.5-17.5],9.8 [5.3-17.0],10.0 [5.4-17.2],9.7 [5.3-16.7],9.8 [5.3-16.8],9.5 [5.2-16.3]
Nigeria,6.9 [3.8-11.4],7.0 [3.9-11.7],7.1 [4.0-12.0],7.2 [4.0-12.2],7.3 [4.0-12.3],7.6 [4.3-12.6],8.0 [4.6-13.3],8.3 [4.8-13.6],8.7 [5.1-13.8],8.8 [5.3-13.9],9.0 [5.3-14.3],9.1 [5.3-14.4],9.2 [5.3-15.0],9.2 [5.2-14.8],9.2 [5.3-15.1],9.3 [5.3-15.0],9.2 [5.2-14.6],9.2 [5.3-14.9],9.3 [5.3-15.1],9.2 [5.3-14.9]
North Macedonia,7.2 [4.7-10.4],7.2 [4.8-10.4],7.2 [5.0-10.1],7.3 [5.2-9.9],7.3 [5.2-9.8],7.4 [5.3-9.9],8.1 [5.8-10.6],8.2 [5.9-10.7],5.9 [4.3-7.7],5.8 [4.3-7.6],8.1 [6.0-10.6],7.9 [5.9-10.3],8.1 [6.0-10.5],8.5 [6.3-11.2],7.7 [5.8-10.1],9.4 [7.1-12.4],8.3 [6.2-11.1],9.0 [6.8-12.1],11.9 [9.0-16.2],8.7 [6.6-11.7]
Norway,9.9 [9.0-10.9],10.1 [9.2-11.1],10.4 [9.5-11.3],11.1 [10.2-12.0],10.6 [9.8-11.5],10.1 [9.4-10.8],10.3 [9.6-11.0],9.9 [9.3-10.7],11.8 [11.1-22.0],10.9 [10.2-11.6],11.4 [10.6-12.1],10.6 [9.9-11.3],10.6 [9.8-11.3],11.6 [10.9-12.4],11.4 [10.7-12.2],11.7 [11.0-12.5],11.0 [10.2-22.6],11.0 [10.3-11.7],13.2 [12.3-14.0],13.0 [12.2-13.9]
Oman,4.5 [2.7-7.6],4.4 [2.6-7.4],4.5 [2.7-7.6],4.5 [2.7-7.5],4.7 [2.9-7.6],4.7 [2.9-7.5],4.8 [3.0-7.4],4.9 [3.1-7.4],5.5 [3.6-8.2],6.1 [4.1-9.0],6.0 [4.0-8.8],6.3 [4.2-9.3],6.5 [4.4-9.7],6.5 [4.3-9.6],6.2 [4.1-9.2],6.1 [4.0-9.2],6.4 [4.2-9.7],6.3 [4.1-9.6],6.7 [4.2-10.2],6.7 [4.2-10.4]
Pakistan,9.8 [4.9-17.7],9.8 [4.7-17.7],10.0 [4.9-18.1],10.0 [4.9-18.1],10.0 [4.8-17.9],10.0 [4.9-18.0],10.0 [4.8-18.1],10.0 [4.9-17.9],10.0 [4.9-18.1],10.2 [4.9-18.4],10.3 [4.9-18.7],10.5 [5.1-18.8],10.7 [5.2-19.2],11.0 [5.3-19.7],11.0 [5.3-19.5],11.2 [5.4-20.0],11.3 [5.5-20.1],11.3 [5.5-19.9],11.2 [5.4-19.8],11.1 [5.4-19.6]
Panama,2.9 [1.9-4.1],2.9 [2.0-4.1],3.2 [2.4-4.3],3.4 [2.6-4.2],3.0 [2.3-3.7],4.2 [3.3-5.2],3.5 [2.8-4.4],3.8 [3.0-4.6],4.0 [3.2-4.8],4.3 [3.5-5.3],5.1 [4.1-6.2],5.6 [4.6-6.8],5.2 [4.2-6.2],6.0 [4.9-7.2],5.3 [4.3-6.5],6.1 [4.9-7.4],6.3 [5.2-7.6],5.9 [4.7-7.2],6.2 [5.0-7.5],5.9 [4.8-7.2]
Papua New Guinea,3.6 [2.0-6.3],3.5 [2.0-6.1],3.5 [2.0-6.1],3.6 [2.1-6.4],3.7 [2.1-6.4],3.6 [2.1-6.3],3.4 [2.0-6.0],3.5 [2.0-6.0],3.3 [1.9-5.8],3.3 [1.9-5.8],3.2 [1.8-5.5],3.3 [1.9-5.8],3.3 [1.9-5.9],3.2 [1.8-5.6],3.2 [1.8-5.7],3.2 [1.8-5.6],3.1 [1.8-5.5],3.0 [1.7-5.3],3.0 [1.7-5.4],2.8 [1.6-5.1]
Paraguay,6.2 [3.5-9.3],6.1 [3.5-8.9],6.1 [3.6-8.6],5.6 [3.4-7.7],5.9 [3.6-7.8],6.0 [3.7-24.0],5.1 [3.2-17.4],4.7 [3.1-6.2],4.7 [3.0-6.1],3.8 [2.5-5.0],4.7 [3.1-6.2],3.9 [2.6-5.2],4.2 [2.7-14.3],4.6 [2.9-6.1],4.6 [3.0-6.1],4.6 [2.9-14.3],3.7 [2.4-4.9],3.8 [2.5-4.9],3.5 [2.3-4.7],3.6 [2.4-4.8]
Peru,2.7 [1.6-4.3],2.7 [1.6-4.2],2.7 [1.6-4.2],2.7 [1.6-3.9],2.8 [1.7-4.0],3.0 [1.9-4.2],3.2 [2.0-4.5],3.3 [2.1-4.6],3.5 [2.2-4.7],3.6 [2.3-5.0],3.4 [2.2-4.7],2.9 [1.9-3.9],2.8 [1.8-3.8],2.9 [1.9-4.0],3.0 [1.9-4.1],3.1 [2.0-4.2],3.2 [2.1-4.4],3.2 [2.1-4.3],3.2 [2.1-4.3],3.4 [2.3-4.7]
Philippines,2.5 [1.8-9.3],2.6 [1.8-9.3],2.6 [2.0-9.3],2.7 [2.0-9.3],2.7 [2.1-9.2],2.7 [2.1-9.2],2.9 [2.3-8.9],2.9 [2.3-8.3],3.4 [2.7-9.5],2.9 [2.3-8.3],2.8 [2.2-6.7],2.4 [1.9-7.1],2.2 [1.8-4.1],2.5 [2.0-6.4],2.4 [1.9-6.0],2.2 [1.8-4.7],2.3 [1.9-2.8],2.1 [1.7-2.7],1.9 [1.5-2.3],2.3 [1.8-2.9]
Poland,9.3 [7.3-11.8],10.4 [8.4-12.7],11.1 [9.6-12.7],11.4 [10.7-12.2],13.2 [12.4-14.0],14.5 [13.7-15.4],15.1 [14.3-15.9],15.3 [14.6-16.0],15.0 [14.3-15.7],15.5 [14.8-16.2],16.1 [15.3-21.4],14.4 [13.7-15.1],13.3 [12.6-13.9],14.5 [13.8-15.2],15.2 [14.5-15.9],15.2 [14.5-24.6],14.9 [14.2-20.0],15.2 [14.5-16.0],15.3 [14.6-16.0],15.3 [14.6-16.1]
Portugal,7.2 [5.7-9.1],7.5 [6.0-9.3],7.9 [6.3-9.7],7.4 [6.1-8.8],8.3 [6.9-9.8],9.2 [7.8-19.3],8.0 [6.8-9.3],8.5 [7.2-9.8],7.9 [6.8-9.2],8.8 [7.5-10.3],8.7 [7.4-10.1],8.6 [7.3-10.0],8.3 [7.1-9.7],7.9 [6.7-9.2],7.9 [6.7-13.6],7.5 [6.3-14.0],8.7 [7.4-10.1],9.3 [7.9-19.0],6.5 [5.5-15.2],5.5 [4.6-6.4]
Qatar,4.7 [2.9-7.5],4.6 [2.9-7.3],4.6 [2.9-7.2],4.8 [3.1-7.5],4.9 [3.1-7.4],5.0 [3.3-7.5],5.3 [3.5-7.9],5.8 [3.9-8.8],6.2 [4.2-9.3],6.4 [4.3-9.5],6.7 [4.5-10.0],6.8 [4.6-10.1],7.2 [4.7-10.7],6.1 [4.0-9.4],6.3 [4.1-9.7],6.6 [4.3-10.3],6.9 [4.5-10.7],7.4 [4.8-11.4],7.6 [4.8-11.9],7.6 [4.8-11.9]
Republic of Korea,21.2 [12.3-32.4],21.3 [12.2-30.4],19.3 [11.1-27.4],20.5 [11.8-24.5],21.2 [12.1-25.1],22.4 [12.9-32.2],23.8 [13.7-27.8],24.0 [14.0-32.0],27.9 [16.3-32.4],28.0 [16.7-32.4],28.8 [17.7-43.2],24.4 [15.2-32.0],23.2 [14.8-30.6],20.8 [13.1-27.7],24.0 [15.5-31.1],23.1 [15.2-30.1],22.3 [15.4-29.3],17.8 [13.0-20.7],14.8 [11.4-26.5],13.9 [11.2-28.1]
Republic of Moldova,12.2 [9.3-24.0],11.9 [9.5-14.8],12.4 [10.2-15.1],13.4 [11.1-29.2],13.7 [11.5-16.1],14.5 [12.3-16.9],14.4 [12.3-16.8],14.6 [12.4-17.0],13.3 [11.2-30.6],17.6 [15.0-20.4],17.1 [14.6-19.7],16.8 [14.3-33.2],15.3 [13.1-17.7],17.5 [15.0-20.3],17.1 [14.7-19.7],16.6 [14.2-19.3],17.1 [14.6-33.5],16.6 [14.2-30.6],17.7 [15.1-20.6],16.3 [13.9-29.8]
Romania,7.3 [5.5-9.6],7.7 [6.1-9.6],7.8 [6.6-9.3],7.8 [6.6-9.1],9.1 [7.8-10.4],9.0 [7.8-10.2],9.9 [8.6-11.2],10.3 [9.1-11.7],9.9 [8.7-17.2],10.7 [9.4-12.1],10.0 [8.8-17.5],9.5 [8.4-10.8],9.4 [8.3-16.6],10.6 [9.3-12.0],10.2 [9.0-11.5],10.8 [9.5-12.2],11.6 [10.2-13.1],12.3 [10.8-27.3],10.8 [9.4-17.6],11.3 [9.9-18.4]
Russian Federation,21.6 [17.5-27.2],23.4 [20.3-27.4],24.4 [22.9-26.8],26.9 [25.6-28.9],27.9 [26.8-29.5],29.4 [28.4-30.7],29.1 [28.2-30.5],29.8 [28.9-30.9],31.1 [30.2-32.1],33.0 [32.1-33.9],33.3 [32.4-34.3],35.4 [34.3-36.4],36.3 [35.2-37.3],39.1 [37.6-40.3],43.6 [41.1-45.4],43.9 [42.3-45.2],45.4 [43.6-46.6],46.1 [44.6-47.3],47.1 [45.7-48.2],48.9 [47.5-50.2]
Rwanda,9.5 [5.5-15.4],9.5 [5.6-15.5],9.6 [5.6-15.6],9.7 [5.7-15.9],9.9 [5.8-16.1],10.1 [5.9-16.4],10.1 [6.0-16.4],10.6 [6.3-17.0],10.9 [6.6-17.5],11.5 [6.9-18.4],12.1 [7.3-19.3],12.9 [7.8-20.5],13.7 [8.3-21.6],14.3 [8.7-22.6],15.0 [9.1-23.6],16.2 [9.9-25.4],18.4 [11.2-28.7],20.7 [12.6-32.3],22.9 [13.8-35.7],25.6 [15.2-39.8]
Saint Lucia,6.9 [4.9-9.3],7.1 [5.1-9.5],7.1 [5.1-9.5],6.7 [4.9-8.8],7.9 [5.8-10.4],8.2 [6.1-10.9],7.7 [5.7-10.1],8.2 [6.1-10.7],6.9 [5.2-8.9],7.6 [5.7-9.9],7.0 [5.3-9.1],7.9 [6.0-10.2],7.2 [5.4-9.2],7.7 [5.8-9.9],7.4 [5.6-9.6],7.3 [5.5-9.4],7.7 [5.8-10.0],7.4 [5.6-9.6],8.1 [6.1-10.5],8.1 [6.1-10.4]
Saint Vincent and the Grenadines,1.0 [0.7-1.4],1.0 [0.7-1.4],0.0 [0.0-0.0],0.7 [0.5-0.9],3.3 [2.4-4.4],1.4 [1.0-1.8],3.7 [2.8-4.9],5.3 [4.0-7.0],5.4 [4.0-7.1],2.9 [2.1-3.8],2.7 [2.0-3.5],4.3 [3.3-5.5],8.3 [6.2-10.8],6.2 [4.6-8.0],9.8 [7.3-12.7],5.8 [4.3-7.5],6.4 [4.9-8.3],7.1 [5.3-9.2],5.9 [4.5-7.7],6.5 [4.8-8.3]
Samoa,14.6 [7.6-23.5],14.8 [7.9-23.6],14.8 [8.0-23.5],15.0 [8.3-23.9],14.9 [8.3-23.8],14.9 [8.4-23.7],14.1 [8.0-22.4],14.8 [8.4-23.4],14.8 [8.6-23.3],14.8 [8.6-23.4],13.0 [7.6-20.4],14.9 [8.7-23.4],15.1 [8.8-23.7],15.3 [8.9-24.0],15.3 [8.8-24.0],15.1 [8.8-23.8],15.6 [9.0-24.5],15.8 [9.1-24.9],16.2 [9.3-25.5],16.3 [9.3-25.7]
Sao Tome and Principe,2.2 [1.2-3.6],2.2 [1.2-3.6],2.2 [1.2-3.6],2.2 [1.2-3.5],2.2 [1.2-3.5],2.2 [1.2-3.6],2.2 [1.2-3.5],2.2 [1.2-3.6],2.1 [1.2-3.4],2.2 [1.2-3.5],2.3 [1.3-3.6],2.4 [1.3-3.8],2.4 [1.3-3.8],2.2 [1.2-3.6],2.1 [1.2-3.4],2.2 [1.2-3.4],2.0 [1.1-3.2],2.4 [1.4-3.8],2.4 [1.3-3.7],2.2 [1.3-3.5]
Saudi Arabia,5.4 [3.2-8.5],5.6 [3.4-8.7],5.7 [3.5-8.8],5.9 [3.6-9.0],6.0 [3.7-9.0],6.3 [4.0-9.3],6.3 [4.0-9.3],6.4 [4.2-9.2],6.2 [4.1-8.9],5.7 [3.9-8.2],5.2 [3.7-7.9],4.9 [3.5-7.5],4.6 [3.3-7.2],4.3 [3.1-6.8],4.1 [3.0-6.5],3.9 [2.8-6.2],4.0 [2.8-6.3],3.9 [2.7-6.1],3.9 [2.6-6.0],3.8 [2.6-5.9]
Senegal,11.0 [6.5-17.1],11.2 [6.7-17.3],11.4 [7.0-17.5],11.5 [7.1-17.7],11.8 [7.3-18.1],12.0 [7.5-18.3],12.1 [7.6-18.5],12.2 [7.7-18.6],12.1 [7.7-18.4],12.4 [7.8-18.8],12.4 [7.9-18.7],12.7 [8.1-19.1],12.5 [7.9-18.9],13.0 [8.2-19.5],13.3 [8.4-19.8],13.4 [8.5-20.0],13.6 [8.6-20.3],13.7 [8.8-20.4],13.9 [8.9-20.6],14.4 [8.8-22.1]
Serbia,7.9 [5.4-11.0],7.9 [5.5-10.7],0.3 [0.2-0.4],10.6 [8.2-13.5],11.7 [9.2-14.7],12.0 [9.5-15.0],13.0 [10.4-16.1],13.3 [10.6-16.4],13.2 [10.5-26.3],12.4 [10.0-15.2],14.8 [11.9-18.2],14.0 [11.3-17.2],14.4 [11.6-17.8],15.0 [12.0-18.5],15.6 [12.4-19.2],16.7 [13.2-20.5],17.0 [13.5-20.9],17.8 [14.0-22.0],17.8 [13.9-21.9],18.9 [14.7-23.3]
Seychelles,7.7 [5.2-11.1],7.9 [5.3-11.1],7.9 [5.3-11.1],7.6 [5.2-10.6],7.7 [5.2-10.6],7.5 [5.2-10.4],7.3 [5.0-10.1],7.3 [5.1-10.1],7.5 [5.2-10.3],7.4 [5.1-10.2],7.3 [5.0-10.1],7.7 [5.3-10.7],7.6 [5.2-10.3],8.1 [5.6-11.1],8.4 [5.8-11.5],9.3 [6.4-12.7],9.1 [6.2-12.5],8.8 [6.0-12.1],9.6 [6.5-13.2],9.8 [6.6-13.5]
Sierra Leone,11.3 [6.2-18.8],11.2 [6.2-18.7],10.9 [6.0-18.2],10.8 [6.0-18.1],10.5 [5.8-17.5],11.0 [6.1-18.2],11.3 [6.3-18.7],11.8 [6.5-19.4],11.7 [6.5-19.3],12.2 [6.7-20.1],11.9 [6.5-19.7],11.8 [6.5-19.6],11.7 [6.4-19.3],11.7 [6.3-19.3],10.9 [6.0-18.0],11.0 [5.9-18.0],11.0 [6.0-18.0],10.7 [5.8-17.6],10.5 [5.7-17.2],10.1 [5.5-16.7]
Singapore,9.7 [7.8-11.8],7.8 [6.3-9.4],7.3 [5.9-8.7],7.3 [6.0-8.7],7.6 [6.4-8.9],8.2 [6.9-9.6],8.5 [7.2-9.9],9.2 [7.8-23.3],7.9 [6.7-9.2],8.2 [7.0-9.6],9.0 [7.7-10.6],8.8 [7.5-10.3],9.4 [7.9-10.9],9.9 [8.4-11.5],10.0 [8.4-11.6],10.3 [8.7-12.1],11.1 [9.3-13.0],11.3 [9.5-13.1],10.6 [8.9-12.4],11.4 [9.7-13.3]
Slovakia,9.3 [6.1-20.0],9.4 [6.4-19.9],9.6 [6.6-19.7],9.7 [6.8-19.4],9.8 [6.9-19.4],10.0 [7.1-12.5],9.9 [7.0-12.2],10.2 [7.2-25.4],10.4 [7.4-18.8],11.1 [8.0-13.6],10.5 [7.5-12.8],10.5 [7.6-12.8],11.7 [8.5-14.2],12.2 [9.0-14.8],11.6 [8.5-14.0],11.9 [9.0-14.4],13.0 [9.8-15.8],12.7 [9.8-27.2],12.3 [9.7-15.2],12.6 [10.0-15.6]
Slovenia,14.0 [9.9-19.5],12.8 [9.3-17.2],14.3 [11.0-18.2],14.3 [11.7-17.3],14.8 [12.3-17.6],14.4 [12.1-17.0],16.2 [13.7-18.9],15.9 [13.6-18.4],15.5 [13.2-18.0],15.6 [13.3-18.0],16.8 [14.4-19.4],15.6 [13.4-18.1],17.0 [14.6-19.6],21.0 [18.1-24.1],20.6 [17.9-23.6],22.3 [19.2-25.6],23.1 [20.0-26.5],22.9 [19.9-26.3],24.6 [21.4-28.1],25.6 [22.2-29.4]
Solomon Islands,17.4 [7.8-27.6],17.7 [8.0-28.2],17.8 [8.1-28.5],17.8 [8.0-28.5],17.9 [8.0-28.8],18.1 [8.0-29.2],18.2 [8.1-29.4],18.4 [8.1-29.8],18.5 [8.2-30.1],18.6 [8.1-30.3],18.7 [8.1-30.6],18.7 [8.0-30.7],18.1 [7.7-29.5],16.8 [7.1-27.5],16.8 [7.1-27.5],16.5 [6.9-26.9],17.6 [7.5-28.6],17.2 [7.4-27.9],17.1 [7.5-27.6],17.4 [7.7-28.0]
Somalia,14.7 [7.0-26.2],14.8 [7.1-26.5],14.9 [7.1-26.6],14.8 [7.0-26.6],15.0 [7.1-26.9],15.2 [7.2-27.3],15.2 [7.2-27.3],15.3 [7.3-27.4],15.3 [7.3-27.4],15.4 [7.3-27.5],16.0 [7.5-28.4],16.0 [7.5-28.4],15.9 [7.5-28.3],16.2 [7.6-28.8],16.6 [7.8-29.6],16.8 [7.9-30.0],16.6 [7.8-29.5],16.6 [7.7-29.5],16.5 [7.7-29.4],16.8 [7.8-30.0]
South Africa,23.5 [16.2-32.1],24.4 [16.4-33.8],25.8 [16.6-37.5],25.3 [16.1-37.1],25.6 [16.8-36.4],25.3 [16.9-35.5],25.1 [16.8-35.2],24.6 [16.4-34.7],24.4 [16.0-34.7],26.9 [17.8-37.6],29.2 [19.6-40.4],29.4 [19.9-40.2],27.4 [18.8-37.0],26.5 [18.5-35.3],27.5 [19.2-36.4],27.9 [19.5-36.4],28.7 [20.1-37.1],28.0 [19.6-35.9],26.9 [19.0-34.1],26.6 [18.7-33.0]
South Sudan,6.7 [3.7-11.5],6.7 [3.7-11.3],6.4 [3.6-10.9],6.5 [3.6-11.0],6.4 [3.6-10.9],6.2 [3.4-10.6],6.5 [3.6-11.0],6.7 [3.7-11.4],6.6 [3.7-11.2],6.6 [3.7-11.3],6.7 [3.7-11.4],6.9 [3.8-11.6],7.0 [3.9-11.9],7.1 [3.9-12.0],7.1 [3.9-12.0],7.2 [4.0-12.2],7.3 [3.9-12.3],7.3 [3.9-12.3],7.4 [4.0-12.6],7.9 [4.4-13.3]
Spain,5.3 [4.2-6.5],5.4 [4.4-6.5],5.8 [4.8-6.9],5.5 [4.7-6.5],5.6 [4.9-6.5],6.2 [5.4-7.1],6.2 [5.4-7.0],5.6 [4.9-6.4],5.1 [4.5-5.8],5.1 [4.4-5.7],5.6 [4.9-6.4],5.8 [5.1-6.5],5.4 [4.7-6.1],5.6 [4.9-6.3],6.0 [5.2-11.1],6.4 [5.6-7.3],6.4 [5.6-7.3],6.3 [5.5-7.2],6.1 [5.3-6.9],6.6 [5.7-7.5]
Sri Lanka,12.9 [8.3-21.0],13.2 [8.6-21.6],13.7 [9.1-22.3],14.2 [9.7-23.2],14.7 [10.4-23.8],12.7 [9.5-22.4],15.0 [11.7-20.7],16.4 [12.7-22.7],17.8 [14.0-24.4],21.9 [17.9-29.5],22.7 [18.6-36.1],17.5 [14.4-31.1],20.1 [16.5-37.5],18.4 [14.8-33.8],28.6 [23.0-43.5],22.1 [18.2-46.8],21.2 [17.4-38.3],21.5 [17.6-33.5],22.4 [18.3-37.7],27.4 [22.3-42.1]
Sudan,4.8 [2.3-8.3],4.8 [2.4-8.4],4.8 [2.4-8.4],4.8 [2.4-8.5],4.9 [2.4-8.6],5.0 [2.5-8.7],5.1 [2.5-9.0],5.1 [2.5-8.9],5.3 [2.6-9.2],5.2 [2.5-9.0],5.2 [2.6-9.1],5.2 [2.6-9.1],5.2 [2.6-9.1],5.3 [2.6-9.2],5.4 [2.7-9.3],5.3 [2.6-9.1],5.4 [2.6-9.1],5.5 [2.7-9.3],5.4 [2.7-9.3],5.6 [2.8-9.5]
Suriname,25.9 [17.4-36.8],26.2 [18.0-36.6],25.4 [17.7-34.9],25.5 [18.0-34.7],25.9 [18.7-34.7],25.9 [19.0-34.4],26.5 [19.6-34.9],26.8 [19.9-35.1],26.0 [19.4-33.8],27.4 [20.5-35.5],26.5 [19.8-34.3],26.7 [20.1-34.5],27.0 [20.4-35.0],27.3 [20.6-35.4],27.0 [20.4-35.2],26.6 [19.9-34.7],27.4 [20.3-35.8],27.7 [20.5-36.5],27.5 [20.2-36.9],25.0 [18.3-33.5]
Sweden,12.4 [10.5-14.4],12.7 [10.9-14.6],12.5 [10.9-14.2],12.2 [10.7-13.7],13.0 [11.5-14.6],12.3 [10.9-13.7],13.0 [11.6-14.5],12.3 [10.9-13.6],12.0 [10.7-13.3],12.0 [10.8-13.4],13.1 [11.7-14.5],12.4 [11.1-13.7],11.9 [10.6-13.2],12.1 [10.8-13.4],12.7 [11.3-23.2],11.9 [10.6-13.3],11.7 [10.4-13.0],12.6 [11.3-14.1],12.8 [11.4-14.2],12.2 [10.9-13.6]
Switzerland,9.8 [7.9-12.0],9.9 [8.1-11.9],10.4 [8.6-12.3],9.8 [8.2-11.4],10.5 [9.0-12.1],10.0 [8.6-11.5],10.7 [9.3-12.2],10.5 [9.2-11.9],10.5 [9.2-11.9],10.5 [9.2-11.9],12.1 [10.6-13.6],13.5 [11.8-15.2],14.0 [12.2-15.8],13.9 [12.2-15.7],14.1 [12.3-15.8],13.6 [12.0-15.4],13.8 [12.1-15.6],16.0 [14.1-17.9],15.0 [13.2-16.9],15.9 [14.0-17.9]
Syrian Arab Republic,2.1 [1.3-3.2],2.1 [1.3-3.2],2.0 [1.2-3.0],1.8 [1.1-2.8],2.0 [1.2-2.9],2.1 [1.3-3.1],2.0 [1.3-3.0],1.9 [1.2-2.7],1.8 [1.1-2.5],1.8 [1.2-2.5],1.8 [1.2-2.4],1.8 [1.2-2.5],1.8 [1.2-2.4],1.8 [1.2-2.4],1.8 [1.2-2.4],1.8 [1.3-2.5],1.8 [1.3-2.5],1.9 [1.3-2.6],1.9 [1.4-2.7],2.0 [1.4-2.8]
Turkiye,2.3 [1.6-3.5],2.3 [1.6-3.3],2.3 [1.6-3.2],2.3 [1.7-3.2],2.3 [1.7-3.1],2.3 [1.8-3.2],2.3 [1.7-3.1],2.2 [1.7-3.1],2.3 [1.7-3.1],2.5 [1.8-3.4],2.5 [1.8-3.4],2.5 [1.8-3.5],2.6 [1.8-3.7],2.8 [1.9-4.0],3.0 [2.0-4.3],3.2 [2.1-4.6],3.3 [2.2-4.9],3.4 [2.2-5.1],3.9 [2.5-5.7],4.2 [2.7-6.2]
Tajikistan,5.3 [3.3-8.0],5.3 [3.3-7.8],5.3 [3.3-7.7],5.4 [3.4-7.8],5.2 [3.3-7.5],5.1 [3.2-7.3],5.0 [3.2-7.3],5.1 [3.2-7.3],5.1 [3.3-7.3],5.0 [3.2-7.2],4.9 [3.2-7.1],4.9 [3.2-6.9],4.8 [3.2-6.8],4.7 [3.2-6.6],4.7 [3.2-6.5],4.6 [3.2-6.2],4.6 [3.2-6.2],4.6 [3.3-6.4],4.8 [3.4-6.7],5.1 [3.6-7.0]
Thailand,8.0 [4.9-11.9],7.9 [5.1-11.5],7.5 [5.0-10.5],7.6 [5.3-10.2],7.2 [5.1-9.5],6.9 [4.9-9.0],6.6 [4.7-8.6],7.0 [5.1-9.2],7.2 [5.1-9.5],7.3 [5.1-9.8],7.3 [5.1-9.8],7.4 [5.2-10.1],7.7 [5.3-10.6],8.3 [5.7-11.4],8.5 [5.8-11.8],9.9 [6.8-13.7],10.2 [6.8-14.0],10.4 [7.0-14.5],10.5 [6.9-14.8],11.6 [7.8-16.3]
Timor-Leste,4.5 [1.7-7.7],4.5 [1.7-7.6],4.4 [1.6-7.6],4.5 [1.6-7.7],4.4 [1.6-7.6],4.2 [1.6-7.3],4.2 [1.5-7.3],4.3 [1.5-7.5],4.3 [1.6-7.5],4.2 [1.5-7.3],4.4 [1.5-7.8],3.4 [1.2-6.1],3.7 [1.3-6.5],3.9 [1.4-6.9],4.3 [1.6-7.5],4.4 [1.6-7.6],4.7 [1.8-8.2],4.6 [1.7-8.1],4.9 [1.8-8.6],4.9 [1.8-8.4]
Togo,14.8 [8.8-23.3],14.9 [8.8-23.3],15.4 [9.1-24.1],16.0 [9.5-25.0],16.7 [9.9-26.0],17.4 [10.4-27.1],17.8 [10.6-27.5],18.0 [10.8-27.8],18.1 [10.9-27.9],18.2 [10.9-28.0],18.5 [11.0-28.4],18.9 [11.2-29.1],19.0 [11.3-29.5],19.2 [11.4-29.7],18.8 [11.2-29.0],18.7 [11.2-28.9],18.6 [11.2-28.7],18.1 [10.9-27.9],17.7 [10.7-27.4],17.3 [10.4-26.6]
Tonga,4.4 [2.6-6.9],4.6 [2.7-7.2],4.8 [2.9-7.5],4.8 [2.9-7.5],5.3 [3.2-8.3],5.4 [3.3-8.3],5.3 [3.2-8.1],5.3 [3.3-8.1],5.2 [3.2-8.0],5.3 [3.3-8.1],5.1 [3.2-7.6],4.7 [3.0-7.1],4.8 [3.0-7.2],4.7 [3.0-7.1],4.8 [3.1-7.1],5.0 [3.2-7.4],5.1 [3.3-7.5],5.0 [3.2-7.4],5.1 [3.3-7.6],5.1 [3.3-7.6]
Trinidad and Tobago,8.3 [5.4-12.1],8.5 [5.6-12.3],9.0 [5.9-13.0],9.2 [6.2-13.2],9.5 [6.5-13.5],9.8 [6.9-13.5],10.1 [7.6-13.3],8.9 [6.9-11.1],9.2 [7.3-11.4],10.6 [8.5-13.0],10.4 [8.4-12.8],12.8 [10.3-15.5],10.5 [8.6-12.7],10.7 [8.7-13.0],12.0 [9.9-14.6],12.6 [10.3-15.2],12.9 [10.6-15.6],14.9 [12.2-17.8],16.1 [13.2-19.3],16.2 [13.3-19.5]
Tunisia,3.2 [1.7-5.4],3.1 [1.7-5.3],3.0 [1.6-5.2],3.0 [1.6-5.1],3.0 [1.6-5.2],3.1 [1.7-5.3],3.2 [1.7-5.4],3.2 [1.7-5.6],3.3 [1.8-5.6],3.4 [1.8-5.8],3.4 [1.9-5.8],3.5 [1.9-5.9],3.6 [1.9-6.0],3.7 [2.0-6.1],3.7 [2.0-6.2],3.8 [2.1-6.3],3.9 [2.1-6.4],3.9 [2.2-6.4],3.9 [2.2-6.4],3.9 [2.2-6.4]
Turkmenistan,6.1 [4.2-8.4],6.1 [4.4-8.3],6.2 [4.6-8.3],6.6 [5.0-8.5],6.6 [5.2-8.3],7.1 [5.7-8.8],7.4 [6.0-9.1],7.4 [6.0-9.0],7.8 [6.4-9.5],8.7 [7.1-10.4],9.6 [7.9-11.5],11.7 [9.7-13.9],13.6 [11.3-16.2],15.5 [13.0-18.3],15.8 [13.2-18.7],15.2 [12.7-17.9],15.3 [12.9-18.0],15.2 [12.7-17.9],14.7 [12.4-17.3],13.8 [11.6-16.3]
Uganda,10.4 [6.4-16.5],10.3 [6.3-16.1],10.3 [6.4-16.2],11.1 [6.9-17.3],11.0 [6.9-17.3],11.4 [7.1-17.8],12.4 [7.8-19.3],13.2 [8.3-20.7],14.5 [8.9-22.7],14.6 [9.0-23.2],15.5 [9.5-24.5],16.1 [9.8-25.6],17.7 [10.7-28.3],20.1 [12.0-32.4],20.8 [12.3-33.8],20.5 [12.0-33.6],20.4 [11.9-33.5],20.5 [11.9-33.8],21.1 [12.3-34.7],21.7 [12.6-35.7]
Ukraine,17.7 [13.0-23.5],18.0 [13.7-23.0],16.9 [13.6-20.8],17.6 [14.8-20.6],17.9 [15.2-20.8],20.4 [17.7-23.3],18.7 [16.3-21.2],19.0 [16.7-21.6],18.9 [16.6-21.5],20.2 [17.7-22.8],21.8 [19.2-24.6],25.9 [22.7-29.3],26.4 [23.1-29.9],25.6 [22.5-29.0],28.3 [24.7-32.0],28.4 [24.9-32.1],29.0 [25.4-32.7],30.5 [26.8-34.5],31.2 [27.4-35.2],33.5 [29.5-37.7]
United Arab Emirates,5.2 [2.9-8.4],5.0 [2.8-8.1],4.8 [2.7-7.6],5.0 [2.8-7.9],5.3 [3.0-8.3],5.6 [3.2-8.7],5.9 [3.4-9.1],6.1 [3.6-9.3],6.3 [3.8-9.5],6.4 [3.9-9.5],6.6 [4.1-9.7],6.7 [4.2-9.8],6.8 [4.3-9.8],6.9 [4.4-10.0],6.8 [4.3-9.8],6.8 [4.2-9.8],6.8 [4.2-10.0],7.4 [4.4-11.3],7.9 [4.7-12.2],8.0 [4.7-12.3]
United Kingdom of Great Britain and Northern Ireland,6.9 [6.5-7.3],7.1 [6.7-7.5],7.2 [6.9-7.6],7.6 [7.3-8.0],7.8 [7.5-8.2],7.6 [7.3-8.0],7.7 [7.4-8.1],7.4 [7.0-7.7],7.4 [7.1-7.7],7.0 [6.7-7.2],7.2 [6.9-7.4],7.3 [7.0-10.8],6.7 [6.5-7.0],6.9 [6.6-7.2],6.9 [6.7-7.2],7.2 [7.0-7.5],7.0 [6.8-7.3],7.5 [7.2-7.8],7.5 [7.2-7.8],7.7 [7.5-8.0]
United Republic of Tanzania,8.2 [5.0-12.5],8.0 [5.0-12.3],8.2 [5.1-12.4],8.3 [5.2-12.6],8.2 [5.2-12.5],8.3 [5.2-12.4],8.6 [5.5-13.0],8.5 [5.4-12.7],9.3 [6.0-13.9],9.8 [6.3-14.6],10.6 [6.8-15.7],11.0 [7.2-16.3],10.4 [6.8-15.4],10.3 [6.7-15.1],10.3 [6.8-15.2],10.9 [7.2-16.0],11.9 [7.9-17.4],12.8 [8.5-18.8],14.2 [9.4-20.8],15.6 [10.3-22.8]
United States of America,14.5 [13.6-19.3],14.1 [13.2-18.8],14.4 [13.6-19.2],13.7 [13.0-17.8],12.9 [12.3-16.0],12.4 [11.9-16.1],12.0 [11.6-18.0],12.1 [11.6-15.5],12.0 [11.6-16.5],11.7 [11.3-15.8],11.4 [11.0-16.5],11.4 [11.0-16.8],11.2 [10.8-15.4],11.0 [10.6-14.7],10.7 [10.3-13.0],10.8 [10.4-13.1],10.6 [10.2-14.3],10.6 [10.3-14.7],10.3 [10.0-14.3],10.0 [9.7-15.0]
Uruguay,18.8 [15.1-23.1],18.8 [15.3-22.8],18.5 [15.2-22.1],18.7 [15.6-22.1],16.7 [14.0-19.5],15.8 [13.4-18.3],14.2 [12.0-16.5],16.1 [13.7-18.7],15.0 [12.8-17.4],14.3 [12.1-16.5],13.4 [11.4-15.4],13.5 [11.5-15.6],15.8 [13.5-30.6],13.8 [11.8-16.0],13.3 [11.3-15.3],13.9 [11.8-27.2],14.2 [12.1-16.4],17.9 [15.3-20.7],13.2 [11.3-15.3],14.5 [12.4-16.8]
Uzbekistan,8.3 [6.2-10.8],8.7 [6.7-11.1],8.9 [7.1-10.9],9.2 [7.6-10.9],9.2 [7.7-10.8],9.0 [7.7-10.5],8.9 [7.6-10.4],9.0 [7.6-10.5],8.6 [7.3-10.0],8.3 [7.0-9.8],8.2 [6.9-9.8],8.9 [7.3-10.7],9.3 [7.5-11.2],9.6 [7.8-11.6],10.2 [8.5-12.1],9.8 [8.2-11.6],10.4 [8.8-12.2],11.3 [9.6-13.2],11.7 [10.0-13.6],12.0 [10.3-14.0]
Vanuatu,21.0 [10.7-33.4],21.1 [10.9-33.5],21.1 [11.0-33.6],21.0 [11.1-33.4],21.2 [11.1-33.9],21.1 [11.2-33.8],21.8 [11.5-34.7],21.9 [11.7-34.9],21.8 [11.6-34.8],22.1 [11.7-35.6],22.5 [11.9-36.2],21.7 [11.5-34.9],22.0 [11.7-35.3],22.2 [11.7-35.7],21.4 [11.3-34.5],21.9 [11.6-35.3],22.5 [11.8-36.2],22.8 [12.2-36.6],22.8 [12.3-36.3],23.2 [12.6-37.0]
Venezuela (Bolivarian Republic of),2.1 [1.4-3.0],2.2 [1.5-3.2],2.2 [1.5-3.2],2.3 [1.6-3.2],2.4 [1.7-3.1],2.3 [1.8-2.9],2.6 [2.1-3.2],3.4 [2.7-4.2],3.8 [3.1-10.2],3.6 [2.9-4.4],3.4 [2.8-7.6],3.7 [3.1-11.9],4.0 [3.3-4.8],4.3 [3.6-5.1],4.8 [4.0-9.6],5.1 [4.2-9.9],5.6 [4.7-6.6],6.2 [5.2-16.7],6.5 [5.5-11.3],6.4 [5.4-11.0]
Viet Nam,7.2 [3.9-11.3],7.4 [4.0-11.5],7.5 [4.1-11.7],7.6 [4.2-11.7],7.6 [4.2-11.6],7.6 [4.3-11.5],7.5 [4.3-11.3],7.5 [4.3-11.2],7.4 [4.3-10.9],7.3 [4.3-10.6],7.3 [4.3-10.6],7.4 [4.4-10.6],7.2 [4.3-10.4],7.0 [4.2-10.2],6.9 [4.1-10.2],7.0 [4.1-10.4],7.0 [4.0-10.4],7.0 [4.0-10.5],7.1 [4.0-10.7],7.2 [4.1-10.9]
Yemen,7.1 [3.5-12.0],7.1 [3.6-12.2],6.9 [3.5-11.7],7.0 [3.6-12.0],6.8 [3.5-11.6],7.0 [3.6-12.1],7.1 [3.7-12.2],7.2 [3.7-12.3],7.2 [3.8-12.3],7.4 [3.8-12.6],7.6 [4.0-12.9],7.8 [4.1-13.2],7.7 [4.0-13.1],7.8 [4.0-13.2],8.0 [4.0-13.5],8.1 [4.1-13.8],8.1 [4.1-13.8],8.2 [4.1-14.0],8.4 [4.1-14.5],8.5 [4.1-14.8]
Zambia,14.4 [8.8-22.1],15.9 [9.8-24.3],16.7 [10.3-25.4],16.7 [10.4-25.3],17.3 [10.8-26.0],17.7 [11.2-26.6],17.9 [11.4-26.8],18.5 [11.8-27.5],19.8 [12.8-29.4],19.7 [12.7-29.1],19.0 [12.3-28.1],19.0 [12.3-28.2],19.8 [12.7-29.7],21.8 [13.9-32.9],22.1 [14.0-33.6],22.5 [14.2-34.1],21.5 [13.5-32.8],22.3 [13.9-34.2],22.7 [14.0-34.8],24.0 [14.9-36.9]
Zimbabwe,23.6 [12.6-37.5],23.9 [12.7-37.8],25.9 [13.8-40.9],28.7 [15.4-45.3],30.7 [16.6-48.3],30.8 [16.7-48.4],31.4 [17.2-48.9],33.1 [18.1-51.3],34.3 [18.8-53.2],35.0 [19.1-54.5],35.2 [19.3-55.1],31.7 [17.3-49.5],27.2 [14.7-42.5],22.0 [11.7-34.5],22.0 [11.7-34.4],21.5 [11.4-33.7],20.2 [10.7-31.7],20.3 [10.7-32.0],19.5 [10.2-30.7],20.0 [10.3-31.5]
